Workbook

Sheet vals_ghg_incLUC
A2: Year | B2: annex2_OWID | C2: annex1_OWID | D2: non_annex1_OWID | E2: annex2_PRIMAP | F2: annex1_PRIMAP | G2: non_annex1_PRIMAP | H2: annex2_EDGAR | I2: annex1_EDGAR | J2: non_annex1_EDGAR | N2: cum_annex2_OWID | O2: cum_annex1_OWID | P2: cum_non_ann1_OWID | Q2: cum_world_OWID | R2: pct_annex2_OWID | S2: pct_annex1_OWID | T2: cum_annex2_PRIMAP | U2: cum_annex1_PRIMAP | V2: cum_non_ann1_PRIMAP | W2: cum_world_PRIMAP | X2: pct_annex2_PRIMAP | Y2: pct_annex1_PRIMAP | Z2: cum_annex2_EDGAR | AA2: cum_annex1_EDGAR | AB2: cum_non_ann1_EDGAR | AC2: cum_world_EDGAR | AD2: pct_annex2_EDGAR | AE2: pct_annex1_EDGAR
A3: 1850 | B3: 1550.641 | C3: 2325.845 | D3: 1967.466 | E3: 1549.27 | F3: 2081.865 | G3: 1650.774 | N3: =IF(ISBLANK($B3),NA(),IFERROR(SUM($B3:$B$177),NA())) -> 1314684.8 | O3: =IF(ISBLANK($C3),NA(),IFERROR(SUM($C3:$C$177),NA())) -> 1782111.7 | P3: =IF(ISBLANK($D3),NA(),IFERROR(SUM($D3:$D$177),NA())) -> 1826135.5 | Q3: =IFERROR(O3+P3,"") -> 3608247.3 | R3: =IFERROR(N3/Q3*100,NA()) -> 36.435552 | S3: =IFERROR(O3/Q3*100,NA()) -> 49.389956 | T3: =IF(ISBLANK($E3),NA(),IFERROR(SUM($E3:$E$177),NA())) -> 1252707.5 | U3: =IF(ISBLANK($F3),NA(),IFERROR(SUM($F3:$F$177),NA())) -> 1617916.6 | V3: =IF(ISBLANK($G3),NA(),IFERROR(SUM($G3:$G$177),NA())) -> 1557169.5 | W3: =IFERROR(U3+V3,"") -> 3175086.2 | X3: =IFERROR(T3/W3*100,NA()) -> 39.454285 | Y3: =IFERROR(U3/W3*100,NA()) -> 50.956621 | Z3: =IF(ISBLANK($H3),NA(),IFERROR(SUM($H3:$H$177),NA())) -> #N/A | AA3: =IF(ISBLANK($I3),NA(),IFERROR(SUM($I3:$I$177),NA())) -> #N/A | AB3: =IF(ISBLANK($J3),NA(),IFERROR(SUM($J3:$J$177),NA())) -> #N/A | AC3: =IFERROR(AA3+AB3,"") | AD3: =IFERROR(Z3/AC3*100,NA()) -> #N/A | AE3: =IFERROR(AA3/AC3*100,NA()) -> #N/A
A4: 1851 | B4: 1599.614 | C4: 2376.348 | D4: 2032.821 | E4: 1560.063 | F4: 2095.452 | G4: 1618.228 | N4: =IF(ISBLANK($B4),NA(),IFERROR(SUM($B4:$B$177),NA())) -> 1313134.2 | O4: =IF(ISBLANK($C4),NA(),IFERROR(SUM($C4:$C$177),NA())) -> 1779785.9 | P4: =IF(ISBLANK($D4),NA(),IFERROR(SUM($D4:$D$177),NA())) -> 1824168.1 | Q4: =IFERROR(O4+P4,"") -> 3603954 | R4: =IFERROR(N4/Q4*100,NA()) -> 36.43593 | S4: =IFERROR(O4/Q4*100,NA()) -> 49.384257 | T4: =IF(ISBLANK($E4),NA(),IFERROR(SUM($E4:$E$177),NA())) -> 1251158.3 | U4: =IF(ISBLANK($F4),NA(),IFERROR(SUM($F4:$F$177),NA())) -> 1615834.8 | V4: =IF(ISBLANK($G4),NA(),IFERROR(SUM($G4:$G$177),NA())) -> 1555518.8 | W4: =IFERROR(U4+V4,"") -> 3171353.5 | X4: =IFERROR(T4/W4*100,NA()) -> 39.45187 | Y4: =IFERROR(U4/W4*100,NA()) -> 50.95095 | Z4: =IF(ISBLANK($H4),NA(),IFERROR(SUM($H4:$H$177),NA())) -> #N/A | AA4: =IF(ISBLANK($I4),NA(),IFERROR(SUM($I4:$I$177),NA())) -> #N/A | AB4: =IF(ISBLANK($J4),NA(),IFERROR(SUM($J4:$J$177),NA())) -> #N/A | AC4: =IFERROR(AA4+AB4,"") | AD4: =IFERROR(Z4/AC4*100,NA()) -> #N/A | AE4: =IFERROR(AA4/AC4*100,NA()) -> #N/A
A5: 1852 | B5: 1630.719 | C5: 2447.128 | D5: 2076.583 | E5: 1811.682 | F5: 2351.276 | G5: 1585.489 | N5: =IF(ISBLANK($B5),NA(),IFERROR(SUM($B5:$B$177),NA())) -> 1311534.5 | O5: =IF(ISBLANK($C5),NA(),IFERROR(SUM($C5:$C$177),NA())) -> 1777409.5 | P5: =IF(ISBLANK($D5),NA(),IFERROR(SUM($D5:$D$177),NA())) -> 1822135.3 | Q5: =IFERROR(O5+P5,"") -> 3599544.8 | R5: =IFERROR(N5/Q5*100,NA()) -> 36.436122 | S5: =IFERROR(O5/Q5*100,NA()) -> 49.378731 | T5: =IF(ISBLANK($E5),NA(),IFERROR(SUM($E5:$E$177),NA())) -> 1249598.2 | U5: =IF(ISBLANK($F5),NA(),IFERROR(SUM($F5:$F$177),NA())) -> 1613739.3 | V5: =IF(ISBLANK($G5),NA(),IFERROR(SUM($G5:$G$177),NA())) -> 1553900.5 | W5: =IFERROR(U5+V5,"") -> 3167639.8 | X5: =IFERROR(T5/W5*100,NA()) -> 39.448873 | Y5: =IFERROR(U5/W5*100,NA()) -> 50.944532 | Z5: =IF(ISBLANK($H5),NA(),IFERROR(SUM($H5:$H$177),NA())) -> #N/A | AA5: =IF(ISBLANK($I5),NA(),IFERROR(SUM($I5:$I$177),NA())) -> #N/A | AB5: =IF(ISBLANK($J5),NA(),IFERROR(SUM($J5:$J$177),NA())) -> #N/A | AC5: =IFERROR(AA5+AB5,"") | AD5: =IFERROR(Z5/AC5*100,NA()) -> #N/A | AE5: =IFERROR(AA5/AC5*100,NA()) -> #N/A
A6: 1853 | B6: 1683.136 | C6: 2475.421 | D6: 2085.978 | E6: 1856.217 | F6: 2399.478 | G6: 1550.994 | N6: =IF(ISBLANK($B6),NA(),IFERROR(SUM($B6:$B$177),NA())) -> 1309903.8 | O6: =IF(ISBLANK($C6),NA(),IFERROR(SUM($C6:$C$177),NA())) -> 1774962.4 | P6: =IF(ISBLANK($D6),NA(),IFERROR(SUM($D6:$D$177),NA())) -> 1820058.7 | Q6: =IFERROR(O6+P6,"") -> 3595021.1 | R6: =IFERROR(N6/Q6*100,NA()) -> 36.43661 | S6: =IFERROR(O6/Q6*100,NA()) -> 49.372795 | T6: =IF(ISBLANK($E6),NA(),IFERROR(SUM($E6:$E$177),NA())) -> 1247786.5 | U6: =IF(ISBLANK($F6),NA(),IFERROR(SUM($F6:$F$177),NA())) -> 1611388 | V6: =IF(ISBLANK($G6),NA(),IFERROR(SUM($G6:$G$177),NA())) -> 1552315.1 | W6: =IFERROR(U6+V6,"") -> 3163703.1 | X6: =IFERROR(T6/W6*100,NA()) -> 39.440696 | Y6: =IFERROR(U6/W6*100,NA()) -> 50.933605 | Z6: =IF(ISBLANK($H6),NA(),IFERROR(SUM($H6:$H$177),NA())) -> #N/A | AA6: =IF(ISBLANK($I6),NA(),IFERROR(SUM($I6:$I$177),NA())) -> #N/A | AB6: =IF(ISBLANK($J6),NA(),IFERROR(SUM($J6:$J$177),NA())) -> #N/A | AC6: =IFERROR(AA6+AB6,"") | AD6: =IFERROR(Z6/AC6*100,NA()) -> #N/A | AE6: =IFERROR(AA6/AC6*100,NA()) -> #N/A
A7: 1854 | B7: 1755.03 | C7: 2574.758 | D7: 2079.231 | E7: 1933.391 | F7: 2480.753 | G7: 1516.01 | N7: =IF(ISBLANK($B7),NA(),IFERROR(SUM($B7:$B$177),NA())) -> 1308220.7 | O7: =IF(ISBLANK($C7),NA(),IFERROR(SUM($C7:$C$177),NA())) -> 1772487 | P7: =IF(ISBLANK($D7),NA(),IFERROR(SUM($D7:$D$177),NA())) -> 1817972.7 | Q7: =IFERROR(O7+P7,"") -> 3590459.7 | R7: =IFERROR(N7/Q7*100,NA()) -> 36.436022 | S7: =IFERROR(O7/Q7*100,NA()) -> 49.366575 | T7: =IF(ISBLANK($E7),NA(),IFERROR(SUM($E7:$E$177),NA())) -> 1245930.3 | U7: =IF(ISBLANK($F7),NA(),IFERROR(SUM($F7:$F$177),NA())) -> 1608988.5 | V7: =IF(ISBLANK($G7),NA(),IFERROR(SUM($G7:$G$177),NA())) -> 1550764.1 | W7: =IFERROR(U7+V7,"") -> 3159752.6 | X7: =IFERROR(T7/W7*100,NA()) -> 39.431261 | Y7: =IFERROR(U7/W7*100,NA()) -> 50.921346 | Z7: =IF(ISBLANK($H7),NA(),IFERROR(SUM($H7:$H$177),NA())) -> #N/A | AA7: =IF(ISBLANK($I7),NA(),IFERROR(SUM($I7:$I$177),NA())) -> #N/A | AB7: =IF(ISBLANK($J7),NA(),IFERROR(SUM($J7:$J$177),NA())) -> #N/A | AC7: =IFERROR(AA7+AB7,"") | AD7: =IFERROR(Z7/AC7*100,NA()) -> #N/A | AE7: =IFERROR(AA7/AC7*100,NA()) -> #N/A
A8: 1855 | B8: 1775.259 | C8: 2601.394 | D8: 2118.618 | E8: 1969.323 | F8: 2521.239 | G8: 1479.527 | N8: =IF(ISBLANK($B8),NA(),IFERROR(SUM($B8:$B$177),NA())) -> 1306465.7 | O8: =IF(ISBLANK($C8),NA(),IFERROR(SUM($C8:$C$177),NA())) -> 1769912.2 | P8: =IF(ISBLANK($D8),NA(),IFERROR(SUM($D8:$D$177),NA())) -> 1815893.5 | Q8: =IFERROR(O8+P8,"") -> 3585805.7 | R8: =IFERROR(N8/Q8*100,NA()) -> 36.434369 | S8: =IFERROR(O8/Q8*100,NA()) -> 49.358844 | T8: =IF(ISBLANK($E8),NA(),IFERROR(SUM($E8:$E$177),NA())) -> 1243996.9 | U8: =IF(ISBLANK($F8),NA(),IFERROR(SUM($F8:$F$177),NA())) -> 1606507.8 | V8: =IF(ISBLANK($G8),NA(),IFERROR(SUM($G8:$G$177),NA())) -> 1549248 | W8: =IFERROR(U8+V8,"") -> 3155755.8 | X8: =IFERROR(T8/W8*100,NA()) -> 39.419936 | Y8: =IFERROR(U8/W8*100,NA()) -> 50.907227 | Z8: =IF(ISBLANK($H8),NA(),IFERROR(SUM($H8:$H$177),NA())) -> #N/A | AA8: =IF(ISBLANK($I8),NA(),IFERROR(SUM($I8:$I$177),NA())) -> #N/A | AB8: =IF(ISBLANK($J8),NA(),IFERROR(SUM($J8:$J$177),NA())) -> #N/A | AC8: =IFERROR(AA8+AB8,"") | AD8: =IFERROR(Z8/AC8*100,NA()) -> #N/A | AE8: =IFERROR(AA8/AC8*100,NA()) -> #N/A
A9: 1856 | B9: 1806.851 | C9: 2640.92 | D9: 2123.642 | E9: 2018.929 | F9: 2575.095 | G9: 1474.922 | N9: =IF(ISBLANK($B9),NA(),IFERROR(SUM($B9:$B$177),NA())) -> 1304690.4 | O9: =IF(ISBLANK($C9),NA(),IFERROR(SUM($C9:$C$177),NA())) -> 1767310.8 | P9: =IF(ISBLANK($D9),NA(),IFERROR(SUM($D9:$D$177),NA())) -> 1813774.8 | Q9: =IFERROR(O9+P9,"") -> 3581085.7 | R9: =IFERROR(N9/Q9*100,NA()) -> 36.432817 | S9: =IFERROR(O9/Q9*100,NA()) -> 49.351258 | T9: =IF(ISBLANK($E9),NA(),IFERROR(SUM($E9:$E$177),NA())) -> 1242027.6 | U9: =IF(ISBLANK($F9),NA(),IFERROR(SUM($F9:$F$177),NA())) -> 1603986.6 | V9: =IF(ISBLANK($G9),NA(),IFERROR(SUM($G9:$G$177),NA())) -> 1547768.5 | W9: =IFERROR(U9+V9,"") -> 3151755.1 | X9: =IFERROR(T9/W9*100,NA()) -> 39.407491 | Y9: =IFERROR(U9/W9*100,NA()) -> 50.891853 | Z9: =IF(ISBLANK($H9),NA(),IFERROR(SUM($H9:$H$177),NA())) -> #N/A | AA9: =IF(ISBLANK($I9),NA(),IFERROR(SUM($I9:$I$177),NA())) -> #N/A | AB9: =IF(ISBLANK($J9),NA(),IFERROR(SUM($J9:$J$177),NA())) -> #N/A | AC9: =IFERROR(AA9+AB9,"") | AD9: =IFERROR(Z9/AC9*100,NA()) -> #N/A | AE9: =IFERROR(AA9/AC9*100,NA()) -> #N/A
A10: 1857 | B10: 1832.535 | C10: 2679.446 | D10: 2143.342 | E10: 2049.892 | F10: 2610.066 | G10: 1471.382 | N10: =IF(ISBLANK($B10),NA(),IFERROR(SUM($B10:$B$177),NA())) -> 1302883.5 | O10: =IF(ISBLANK($C10),NA(),IFERROR(SUM($C10:$C$177),NA())) -> 1764669.9 | P10: =IF(ISBLANK($D10),NA(),IFERROR(SUM($D10:$D$177),NA())) -> 1811651.2 | Q10: =IFERROR(O10+P10,"") -> 3576321.1 | R10: =IFERROR(N10/Q10*100,NA()) -> 36.430832 | S10: =IFERROR(O10/Q10*100,NA()) -> 49.343162 | T10: =IF(ISBLANK($E10),NA(),IFERROR(SUM($E10:$E$177),NA())) -> 1240008.7 | U10: =IF(ISBLANK($F10),NA(),IFERROR(SUM($F10:$F$177),NA())) -> 1601411.5 | V10: =IF(ISBLANK($G10),NA(),IFERROR(SUM($G10:$G$177),NA())) -> 1546293.6 | W10: =IFERROR(U10+V10,"") -> 3147705.1 | X10: =IFERROR(T10/W10*100,NA()) -> 39.394055 | Y10: =IFERROR(U10/W10*100,NA()) -> 50.875525 | Z10: =IF(ISBLANK($H10),NA(),IFERROR(SUM($H10:$H$177),NA())) -> #N/A | AA10: =IF(ISBLANK($I10),NA(),IFERROR(SUM($I10:$I$177),NA())) -> #N/A | AB10: =IF(ISBLANK($J10),NA(),IFERROR(SUM($J10:$J$177),NA())) -> #N/A | AC10: =IFERROR(AA10+AB10,"") | AD10: =IFERROR(Z10/AC10*100,NA()) -> #N/A | AE10: =IFERROR(AA10/AC10*100,NA()) -> #N/A
A11: 1858 | B11: 1863.287 | C11: 2714.254 | D11: 2140.78 | E11: 2079.509 | F11: 2644.17 | G11: 1468.466 | N11: =IF(ISBLANK($B11),NA(),IFERROR(SUM($B11:$B$177),NA())) -> 1301051 | O11: =IF(ISBLANK($C11),NA(),IFERROR(SUM($C11:$C$177),NA())) -> 1761990.5 | P11: =IF(ISBLANK($D11),NA(),IFERROR(SUM($D11:$D$177),NA())) -> 1809507.9 | Q11: =IFERROR(O11+P11,"") -> 3571498.3 | R11: =IFERROR(N11/Q11*100,NA()) -> 36.428717 | S11: =IFERROR(O11/Q11*100,NA()) -> 49.334769 | T11: =IF(ISBLANK($E11),NA(),IFERROR(SUM($E11:$E$177),NA())) -> 1237958.8 | U11: =IF(ISBLANK($F11),NA(),IFERROR(SUM($F11:$F$177),NA())) -> 1598801.4 | V11: =IF(ISBLANK($G11),NA(),IFERROR(SUM($G11:$G$177),NA())) -> 1544822.2 | W11: =IFERROR(U11+V11,"") -> 3143623.6 | X11: =IFERROR(T11/W11*100,NA()) -> 39.379994 | Y11: =IFERROR(U11/W11*100,NA()) -> 50.85855 | Z11: =IF(ISBLANK($H11),NA(),IFERROR(SUM($H11:$H$177),NA())) -> #N/A | AA11: =IF(ISBLANK($I11),NA(),IFERROR(SUM($I11:$I$177),NA())) -> #N/A | AB11: =IF(ISBLANK($J11),NA(),IFERROR(SUM($J11:$J$177),NA())) -> #N/A | AC11: =IFERROR(AA11+AB11,"") | AD11: =IFERROR(Z11/AC11*100,NA()) -> #N/A | AE11: =IFERROR(AA11/AC11*100,NA()) -> #N/A
A12: 1859 | B12: 1914.287 | C12: 2773.463 | D12: 2152.288 | E12: 2125.918 | F12: 2693.616 | G12: 1466.165 | N12: =IF(ISBLANK($B12),NA(),IFERROR(SUM($B12:$B$177),NA())) -> 1299187.7 | O12: =IF(ISBLANK($C12),NA(),IFERROR(SUM($C12:$C$177),NA())) -> 1759276.2 | P12: =IF(ISBLANK($D12),NA(),IFERROR(SUM($D12:$D$177),NA())) -> 1807367.1 | Q12: =IFERROR(O12+P12,"") -> 3566643.3 | R12: =IFERROR(N12/Q12*100,NA()) -> 36.426063 | S12: =IFERROR(O12/Q12*100,NA()) -> 49.325824 | T12: =IF(ISBLANK($E12),NA(),IFERROR(SUM($E12:$E$177),NA())) -> 1235879.3 | U12: =IF(ISBLANK($F12),NA(),IFERROR(SUM($F12:$F$177),NA())) -> 1596157.2 | V12: =IF(ISBLANK($G12),NA(),IFERROR(SUM($G12:$G$177),NA())) -> 1543353.8 | W12: =IFERROR(U12+V12,"") -> 3139511 | X12: =IFERROR(T12/W12*100,NA()) -> 39.365343 | Y12: =IFERROR(U12/W12*100,NA()) -> 50.840951 | Z12: =IF(ISBLANK($H12),NA(),IFERROR(SUM($H12:$H$177),NA())) -> #N/A | AA12: =IF(ISBLANK($I12),NA(),IFERROR(SUM($I12:$I$177),NA())) -> #N/A | AB12: =IF(ISBLANK($J12),NA(),IFERROR(SUM($J12:$J$177),NA())) -> #N/A | AC12: =IFERROR(AA12+AB12,"") | AD12: =IFERROR(Z12/AC12*100,NA()) -> #N/A | AE12: =IFERROR(AA12/AC12*100,NA()) -> #N/A
A13: 1860 | B13: 1891.387 | C13: 2720.11 | D13: 1986.999 | E13: 2184.927 | F13: 2756.895 | G13: 1462.833 | N13: =IF(ISBLANK($B13),NA(),IFERROR(SUM($B13:$B$177),NA())) -> 1297273.4 | O13: =IF(ISBLANK($C13),NA(),IFERROR(SUM($C13:$C$177),NA())) -> 1756502.7 | P13: =IF(ISBLANK($D13),NA(),IFERROR(SUM($D13:$D$177),NA())) -> 1805214.8 | Q13: =IFERROR(O13+P13,"") -> 3561717.5 | R13: =IFERROR(N13/Q13*100,NA()) -> 36.422693 | S13: =IFERROR(O13/Q13*100,NA()) -> 49.316172 | T13: =IF(ISBLANK($E13),NA(),IFERROR(SUM($E13:$E$177),NA())) -> 1233753.4 | U13: =IF(ISBLANK($F13),NA(),IFERROR(SUM($F13:$F$177),NA())) -> 1593463.6 | V13: =IF(ISBLANK($G13),NA(),IFERROR(SUM($G13:$G$177),NA())) -> 1541887.6 | W13: =IFERROR(U13+V13,"") -> 3135351.2 | X13: =IFERROR(T13/W13*100,NA()) -> 39.349766 | Y13: =IFERROR(U13/W13*100,NA()) -> 50.822492 | Z13: =IF(ISBLANK($H13),NA(),IFERROR(SUM($H13:$H$177),NA())) -> #N/A | AA13: =IF(ISBLANK($I13),NA(),IFERROR(SUM($I13:$I$177),NA())) -> #N/A | AB13: =IF(ISBLANK($J13),NA(),IFERROR(SUM($J13:$J$177),NA())) -> #N/A | AC13: =IFERROR(AA13+AB13,"") | AD13: =IFERROR(Z13/AC13*100,NA()) -> #N/A | AE13: =IFERROR(AA13/AC13*100,NA()) -> #N/A
A14: 1861 | B14: 1845.785 | C14: 2678.775 | D14: 1924.65 | E14: 2225.877 | F14: 2814.954 | G14: 1471.184 | N14: =IF(ISBLANK($B14),NA(),IFERROR(SUM($B14:$B$177),NA())) -> 1295382.1 | O14: =IF(ISBLANK($C14),NA(),IFERROR(SUM($C14:$C$177),NA())) -> 1753782.6 | P14: =IF(ISBLANK($D14),NA(),IFERROR(SUM($D14:$D$177),NA())) -> 1803227.8 | Q14: =IFERROR(O14+P14,"") -> 3557010.4 | R14: =IFERROR(N14/Q14*100,NA()) -> 36.417719 | S14: =IFERROR(O14/Q14*100,NA()) -> 49.304962 | T14: =IF(ISBLANK($E14),NA(),IFERROR(SUM($E14:$E$177),NA())) -> 1231568.4 | U14: =IF(ISBLANK($F14),NA(),IFERROR(SUM($F14:$F$177),NA())) -> 1590706.7 | V14: =IF(ISBLANK($G14),NA(),IFERROR(SUM($G14:$G$177),NA())) -> 1540424.8 | W14: =IFERROR(U14+V14,"") -> 3131131.5 | X14: =IFERROR(T14/W14*100,NA()) -> 39.333015 | Y14: =IFERROR(U14/W14*100,NA()) -> 50.802936 | Z14: =IF(ISBLANK($H14),NA(),IFERROR(SUM($H14:$H$177),NA())) -> #N/A | AA14: =IF(ISBLANK($I14),NA(),IFERROR(SUM($I14:$I$177),NA())) -> #N/A | AB14: =IF(ISBLANK($J14),NA(),IFERROR(SUM($J14:$J$177),NA())) -> #N/A | AC14: =IFERROR(AA14+AB14,"") | AD14: =IFERROR(Z14/AC14*100,NA()) -> #N/A | AE14: =IFERROR(AA14/AC14*100,NA()) -> #N/A
... A142: 1989 | B142: 13065.592 | C142: 19183.046 | D142: 17926.701 | E142: 13533.435 | F142: 19784.856 | G142: 18507.54 | N142: =IF(ISBLANK($B142),NA(),IFERROR(SUM($B142:$B$177),NA())) -> 482434 | O142: =IF(ISBLANK($C142),NA(),IFERROR(SUM($C142:$C$177),NA())) -> 638580.62 | P142: =IF(ISBLANK($D142),NA(),IFERROR(SUM($D142:$D$177),NA())) -> 1013330.3 | Q142: =IFERROR(O142+P142,"") -> 1651910.9 | R142: =IFERROR(N142/Q142*100,NA()) -> 29.204601 | S142: =IFERROR(O142/Q142*100,NA()) -> 38.657086 | T142: =IF(ISBLANK($E142),NA(),IFERROR(SUM($E142:$E$177),NA())) -> 439746.07 | U142: =IF(ISBLANK($F142),NA(),IFERROR(SUM($F142:$F$177),NA())) -> 533667.8 | V142: =IF(ISBLANK($G142),NA(),IFERROR(SUM($G142:$G$177),NA())) -> 827437.01 | W142: =IFERROR(U142+V142,"") -> 1361104.8 | X142: =IFERROR(T142/W142*100,NA()) -> 32.308024 | Y142: =IFERROR(U142/W142*100,NA()) -> 39.208428 | Z142: =IF(ISBLANK($H142),NA(),IFERROR(SUM($H142:$H$177),NA())) -> #N/A | AA142: =IF(ISBLANK($I142),NA(),IFERROR(SUM($I142:$I$177),NA())) -> #N/A | AB142: =IF(ISBLANK($J142),NA(),IFERROR(SUM($J142:$J$177),NA())) -> #N/A | AC142: =IFERROR(AA142+AB142,"") | AD142: =IFERROR(Z142/AC142*100,NA()) -> #N/A | AE142: =IFERROR(AA142/AC142*100,NA()) -> #N/A
A143: 1990 | B143: 13567.904 | C143: 19712.12 | D143: 17852.914 | E143: 12359.764 | F143: 17237.502 | G143: 15440.382 | H143: 12677.704 | I143: 17381.157 | J143: 15878.309 | N143: =IF(ISBLANK($B143),NA(),IFERROR(SUM($B143:$B$177),NA())) -> 469368.41 | O143: =IF(ISBLANK($C143),NA(),IFERROR(SUM($C143:$C$177),NA())) -> 619397.58 | P143: =IF(ISBLANK($D143),NA(),IFERROR(SUM($D143:$D$177),NA())) -> 995403.59 | Q143: =IFERROR(O143+P143,"") -> 1614801.2 | R143: =IFERROR(N143/Q143*100,NA()) -> 29.066638 | S143: =IFERROR(O143/Q143*100,NA()) -> 38.357514 | T143: =IF(ISBLANK($E143),NA(),IFERROR(SUM($E143:$E$177),NA())) -> 426212.63 | U143: =IF(ISBLANK($F143),NA(),IFERROR(SUM($F143:$F$177),NA())) -> 513882.94 | V143: =IF(ISBLANK($G143),NA(),IFERROR(SUM($G143:$G$177),NA())) -> 808929.47 | W143: =IFERROR(U143+V143,"") -> 1322812.4 | X143: =IFERROR(T143/W143*100,NA()) -> 32.220187 | Y143: =IFERROR(U143/W143*100,NA()) -> 38.847756 | Z143: =IF(ISBLANK($H143),NA(),IFERROR(SUM($H143:$H$177),NA())) -> 445567.69 | AA143: =IF(ISBLANK($I143),NA(),IFERROR(SUM($I143:$I$177),NA())) -> 540709.39 | AB143: =IF(ISBLANK($J143),NA(),IFERROR(SUM($J143:$J$177),NA())) -> 959906.41 | AC143: =IFERROR(AA143+AB143,"") -> 1500615.8 | AD143: =IFERROR(Z143/AC143*100,NA()) -> 29.692323 | AE143: =IFERROR(AA143/AC143*100,NA()) -> 36.0325
A144: 1991 | B144: 13491.061 | C144: 19277.761 | D144: 18603.04 | E144: 12198.771 | F144: 16499.663 | G144: 16181.271 | H144: 12564.093 | I144: 17090.047 | J144: 16159.589 | N144: =IF(ISBLANK($B144),NA(),IFERROR(SUM($B144:$B$177),NA())) -> 455800.5 | O144: =IF(ISBLANK($C144),NA(),IFERROR(SUM($C144:$C$177),NA())) -> 599685.46 | P144: =IF(ISBLANK($D144),NA(),IFERROR(SUM($D144:$D$177),NA())) -> 977550.67 | Q144: =IFERROR(O144+P144,"") -> 1577236.1 | R144: =IFERROR(N144/Q144*100,NA()) -> 28.898685 | S144: =IFERROR(O144/Q144*100,NA()) -> 38.021286 | T144: =IF(ISBLANK($E144),NA(),IFERROR(SUM($E144:$E$177),NA())) -> 413852.87 | U144: =IF(ISBLANK($F144),NA(),IFERROR(SUM($F144:$F$177),NA())) -> 496645.44 | V144: =IF(ISBLANK($G144),NA(),IFERROR(SUM($G144:$G$177),NA())) -> 793489.09 | W144: =IFERROR(U144+V144,"") -> 1290134.5 | X144: =IFERROR(T144/W144*100,NA()) -> 32.078272 | Y144: =IFERROR(U144/W144*100,NA()) -> 38.495632 | Z144: =IF(ISBLANK($H144),NA(),IFERROR(SUM($H144:$H$177),NA())) -> 432889.98 | AA144: =IF(ISBLANK($I144),NA(),IFERROR(SUM($I144:$I$177),NA())) -> 523328.23 | AB144: =IF(ISBLANK($J144),NA(),IFERROR(SUM($J144:$J$177),NA())) -> 944028.1 | AC144: =IFERROR(AA144+AB144,"") -> 1467356.3 | AD144: =IFERROR(Z144/AC144*100,NA()) -> 29.501354 | AE144: =IFERROR(AA144/AC144*100,NA()) -> 35.6647
A145: 1992 | B145: 13522.205 | C145: 18589.396 | D145: 18858.056 | E145: 12202.289 | F145: 15824.74 | G145: 16275.292 | H145: 12571.454 | I145: 16623.476 | J145: 16718.546 | N145: =IF(ISBLANK($B145),NA(),IFERROR(SUM($B145:$B$177),NA())) -> 442309.44 | O145: =IF(ISBLANK($C145),NA(),IFERROR(SUM($C145:$C$177),NA())) -> 580407.7 | P145: =IF(ISBLANK($D145),NA(),IFERROR(SUM($D145:$D$177),NA())) -> 958947.63 | Q145: =IFERROR(O145+P145,"") -> 1539355.3 | R145: =IFERROR(N145/Q145*100,NA()) -> 28.733421 | S145: =IFERROR(O145/Q145*100,NA()) -> 37.704595 | T145: =IF(ISBLANK($E145),NA(),IFERROR(SUM($E145:$E$177),NA())) -> 401654.1 | U145: =IF(ISBLANK($F145),NA(),IFERROR(SUM($F145:$F$177),NA())) -> 480145.78 | V145: =IF(ISBLANK($G145),NA(),IFERROR(SUM($G145:$G$177),NA())) -> 777307.82 | W145: =IFERROR(U145+V145,"") -> 1257453.6 | X145: =IFERROR(T145/W145*100,NA()) -> 31.941862 | Y145: =IFERROR(U145/W145*100,NA()) -> 38.183976 | Z145: =IF(ISBLANK($H145),NA(),IFERROR(SUM($H145:$H$177),NA())) -> 420325.89 | AA145: =IF(ISBLANK($I145),NA(),IFERROR(SUM($I145:$I$177),NA())) -> 506238.19 | AB145: =IF(ISBLANK($J145),NA(),IFERROR(SUM($J145:$J$177),NA())) -> 927868.51 | AC145: =IFERROR(AA145+AB145,"") -> 1434106.7 | AD145: =IFERROR(Z145/AC145*100,NA()) -> 29.309248 | AE145: =IFERROR(AA145/AC145*100,NA()) -> 35.299897
A146: 1993 | B146: 13522.06 | C146: 18278.926 | D146: 19139.017 | E146: 12223.611 | F146: 15433.86 | G146: 16683.197 | H146: 13038.341 | I146: 16492.651 | J146: 17492.782 | N146: =IF(ISBLANK($B146),NA(),IFERROR(SUM($B146:$B$177),NA())) -> 428787.24 | O146: =IF(ISBLANK($C146),NA(),IFERROR(SUM($C146:$C$177),NA())) -> 561818.3 | P146: =IF(ISBLANK($D146),NA(),IFERROR(SUM($D146:$D$177),NA())) -> 940089.58 | Q146: =IFERROR(O146+P146,"") -> 1501907.9 | R146: =IFERROR(N146/Q146*100,NA()) -> 28.549503 | S146: =IFERROR(O146/Q146*100,NA()) -> 37.406975 | T146: =IF(ISBLANK($E146),NA(),IFERROR(SUM($E146:$E$177),NA())) -> 389451.81 | U146: =IF(ISBLANK($F146),NA(),IFERROR(SUM($F146:$F$177),NA())) -> 464321.04 | V146: =IF(ISBLANK($G146),NA(),IFERROR(SUM($G146:$G$177),NA())) -> 761032.52 | W146: =IFERROR(U146+V146,"") -> 1225353.6 | X146: =IFERROR(T146/W146*100,NA()) -> 31.782811 | Y146: =IFERROR(U146/W146*100,NA()) -> 37.892822 | Z146: =IF(ISBLANK($H146),NA(),IFERROR(SUM($H146:$H$177),NA())) -> 407754.44 | AA146: =IF(ISBLANK($I146),NA(),IFERROR(SUM($I146:$I$177),NA())) -> 489614.71 | AB146: =IF(ISBLANK($J146),NA(),IFERROR(SUM($J146:$J$177),NA())) -> 911149.97 | AC146: =IFERROR(AA146+AB146,"") -> 1400764.7 | AD146: =IFERROR(Z146/AC146*100,NA()) -> 29.109417 | AE146: =IFERROR(AA146/AC146*100,NA()) -> 34.953388
A147: 1994 | B147: 13674.412 | C147: 17965.23 | D147: 20691.273 | E147: 12394.957 | F147: 14986.862 | G147: 14755.968 | H147: 13069.006 | I147: 16351.016 | J147: 17613.059 | N147: =IF(ISBLANK($B147),NA(),IFERROR(SUM($B147:$B$177),NA())) -> 415265.18 | O147: =IF(ISBLANK($C147),NA(),IFERROR(SUM($C147:$C$177),NA())) -> 543539.38 | P147: =IF(ISBLANK($D147),NA(),IFERROR(SUM($D147:$D$177),NA())) -> 920950.56 | Q147: =IFERROR(O147+P147,"") -> 1464489.9 | R147: =IFERROR(N147/Q147*100,NA()) -> 28.355618 | S147: =IFERROR(O147/Q147*100,NA()) -> 37.114586 | T147: =IF(ISBLANK($E147),NA(),IFERROR(SUM($E147:$E$177),NA())) -> 377228.2 | U147: =IF(ISBLANK($F147),NA(),IFERROR(SUM($F147:$F$177),NA())) -> 448887.18 | V147: =IF(ISBLANK($G147),NA(),IFERROR(SUM($G147:$G$177),NA())) -> 744349.33 | W147: =IFERROR(U147+V147,"") -> 1193236.5 | X147: =IFERROR(T147/W147*100,NA()) -> 31.613867 | Y147: =IFERROR(U147/W147*100,NA()) -> 37.619297 | Z147: =IF(ISBLANK($H147),NA(),IFERROR(SUM($H147:$H$177),NA())) -> 394716.1 | AA147: =IF(ISBLANK($I147),NA(),IFERROR(SUM($I147:$I$177),NA())) -> 473122.06 | AB147: =IF(ISBLANK($J147),NA(),IFERROR(SUM($J147:$J$177),NA())) -> 893657.19 | AC147: =IFERROR(AA147+AB147,"") -> 1366779.2 | AD147: =IFERROR(Z147/AC147*100,NA()) -> 28.879287 | AE147: =IFERROR(AA147/AC147*100,NA()) -> 34.615836
A148: 1995 | B148: 13839.908 | C148: 17977.053 | D148: 20947.26 | E148: 12565.604 | F148: 14976.334 | G148: 16035.243 | H148: 13287.949 | I148: 16518.199 | J148: 18504.829 | N148: =IF(ISBLANK($B148),NA(),IFERROR(SUM($B148:$B$177),NA())) -> 401590.76 | O148: =IF(ISBLANK($C148),NA(),IFERROR(SUM($C148:$C$177),NA())) -> 525574.15 | P148: =IF(ISBLANK($D148),NA(),IFERROR(SUM($D148:$D$177),NA())) -> 900259.29 | Q148: =IFERROR(O148+P148,"") -> 1425833.4 | R148: =IFERROR(N148/Q148*100,NA()) -> 28.165335 | S148: =IFERROR(O148/Q148*100,NA()) -> 36.860838 | T148: =IF(ISBLANK($E148),NA(),IFERROR(SUM($E148:$E$177),NA())) -> 364833.24 | U148: =IF(ISBLANK($F148),NA(),IFERROR(SUM($F148:$F$177),NA())) -> 433900.32 | V148: =IF(ISBLANK($G148),NA(),IFERROR(SUM($G148:$G$177),NA())) -> 729593.36 | W148: =IFERROR(U148+V148,"") -> 1163493.7 | X148: =IFERROR(T148/W148*100,NA()) -> 31.356702 | Y148: =IFERROR(U148/W148*100,NA()) -> 37.292881 | Z148: =IF(ISBLANK($H148),NA(),IFERROR(SUM($H148:$H$177),NA())) -> 381647.09 | AA148: =IF(ISBLANK($I148),NA(),IFERROR(SUM($I148:$I$177),NA())) -> 456771.04 | AB148: =IF(ISBLANK($J148),NA(),IFERROR(SUM($J148:$J$177),NA())) -> 876044.13 | AC148: =IFERROR(AA148+AB148,"") -> 1332815.2 | AD148: =IFERROR(Z148/AC148*100,NA()) -> 28.63466 | AE148: =IFERROR(AA148/AC148*100,NA()) -> 34.271147
A149: 1996 | B149: 14139.195 | C149: 18597.606 | D149: 21390.793 | E149: 12825.447 | F149: 15432.814 | G149: 15886.051 | H149: 13179.138 | I149: 16113.56 | J149: 18908.149 | N149: =IF(ISBLANK($B149),NA(),IFERROR(SUM($B149:$B$177),NA())) -> 387750.86 | O149: =IF(ISBLANK($C149),NA(),IFERROR(SUM($C149:$C$177),NA())) -> 507597.09 | P149: =IF(ISBLANK($D149),NA(),IFERROR(SUM($D149:$D$177),NA())) -> 879312.03 | Q149: =IFERROR(O149+P149,"") -> 1386909.1 | R149: =IFERROR(N149/Q149*100,NA()) -> 27.957914 | S149: =IFERROR(O149/Q149*100,NA()) -> 36.59916 | T149: =IF(ISBLANK($E149),NA(),IFERROR(SUM($E149:$E$177),NA())) -> 352267.64 | U149: =IF(ISBLANK($F149),NA(),IFERROR(SUM($F149:$F$177),NA())) -> 418923.98 | V149: =IF(ISBLANK($G149),NA(),IFERROR(SUM($G149:$G$177),NA())) -> 713558.11 | W149: =IFERROR(U149+V149,"") -> 1132482.1 | X149: =IFERROR(T149/W149*100,NA()) -> 31.105802 | Y149: =IFERROR(U149/W149*100,NA()) -> 36.991665 | Z149: =IF(ISBLANK($H149),NA(),IFERROR(SUM($H149:$H$177),NA())) -> 368359.14 | AA149: =IF(ISBLANK($I149),NA(),IFERROR(SUM($I149:$I$177),NA())) -> 440252.85 | AB149: =IF(ISBLANK($J149),NA(),IFERROR(SUM($J149:$J$177),NA())) -> 857539.3 | AC149: =IFERROR(AA149+AB149,"") -> 1297792.1 | AD149: =IFERROR(Z149/AC149*100,NA()) -> 28.383524 | AE149: =IFERROR(AA149/AC149*100,NA()) -> 33.923217
A150: 1997 | B150: 14059.181 | C150: 17971.185 | D150: 23539.389 | E150: 12841.267 | F150: 15041.124 | G150: 15774.951 | H150: 13241.811 | I150: 15891.883 | J150: 18297.174 | N150: =IF(ISBLANK($B150),NA(),IFERROR(SUM($B150:$B$177),NA())) -> 373611.66 | O150: =IF(ISBLANK($C150),NA(),IFERROR(SUM($C150:$C$177),NA())) -> 488999.49 | P150: =IF(ISBLANK($D150),NA(),IFERROR(SUM($D150:$D$177),NA())) -> 857921.23 | Q150: =IFERROR(O150+P150,"") -> 1346920.7 | R150: =IFERROR(N150/Q150*100,NA()) -> 27.738207 | S150: =IFERROR(O150/Q150*100,NA()) -> 36.304994 | T150: =IF(ISBLANK($E150),NA(),IFERROR(SUM($E150:$E$177),NA())) -> 339442.19 | U150: =IF(ISBLANK($F150),NA(),IFERROR(SUM($F150:$F$177),NA())) -> 403491.17 | V150: =IF(ISBLANK($G150),NA(),IFERROR(SUM($G150:$G$177),NA())) -> 697672.06 | W150: =IFERROR(U150+V150,"") -> 1101163.2 | X150: =IFERROR(T150/W150*100,NA()) -> 30.825783 | Y150: =IFERROR(U150/W150*100,NA()) -> 36.642267 | Z150: =IF(ISBLANK($H150),NA(),IFERROR(SUM($H150:$H$177),NA())) -> 355180 | AA150: =IF(ISBLANK($I150),NA(),IFERROR(SUM($I150:$I$177),NA())) -> 424139.29 | AB150: =IF(ISBLANK($J150),NA(),IFERROR(SUM($J150:$J$177),NA())) -> 838631.15 | AC150: =IFERROR(AA150+AB150,"") -> 1262770.4 | AD150: =IFERROR(Z150/AC150*100,NA()) -> 28.127045 | AE150: =IFERROR(AA150/AC150*100,NA()) -> 33.587996
A151: 1998 | B151: 14144.731 | C151: 17979.267 | D151: 22144.786 | E151: 12865.704 | F151: 15244.956 | G151: 16165.741 | H151: 13862.612 | I151: 15990.967 | J151: 19706.054 | N151: =IF(ISBLANK($B151),NA(),IFERROR(SUM($B151:$B$177),NA())) -> 359552.48 | O151: =IF(ISBLANK($C151),NA(),IFERROR(SUM($C151:$C$177),NA())) -> 471028.3 | P151: =IF(ISBLANK($D151),NA(),IFERROR(SUM($D151:$D$177),NA())) -> 834381.85 | Q151: =IFERROR(O151+P151,"") -> 1305410.1 | R151: =IFERROR(N151/Q151*100,NA()) -> 27.543258 | S151: =IFERROR(O151/Q151*100,NA()) -> 36.082782 | T151: =IF(ISBLANK($E151),NA(),IFERROR(SUM($E151:$E$177),NA())) -> 326600.92 | U151: =IF(ISBLANK($F151),NA(),IFERROR(SUM($F151:$F$177),NA())) -> 388450.05 | V151: =IF(ISBLANK($G151),NA(),IFERROR(SUM($G151:$G$177),NA())) -> 681897.11 | W151: =IFERROR(U151+V151,"") -> 1070347.2 | X151: =IFERROR(T151/W151*100,NA()) -> 30.513551 | Y151: =IFERROR(U151/W151*100,NA()) -> 36.291968 | Z151: =IF(ISBLANK($H151),NA(),IFERROR(SUM($H151:$H$177),NA())) -> 341938.19 | AA151: =IF(ISBLANK($I151),NA(),IFERROR(SUM($I151:$I$177),NA())) -> 408247.4 | AB151: =IF(ISBLANK($J151),NA(),IFERROR(SUM($J151:$J$177),NA())) -> 820333.97 | AC151: =IFERROR(AA151+AB151,"") -> 1228581.4 | AD151: =IFERROR(Z151/AC151*100,NA()) -> 27.831953 | AE151: =IFERROR(AA151/AC151*100,NA()) -> 33.229171
A152: 1999 | B152: 14247.845 | C152: 18043.091 | D152: 22401.091 | E152: 12956.491 | F152: 14902.096 | G152: 16551.744 | H152: 13778.123 | I152: 16395.072 | J152: 19888.217 | N152: =IF(ISBLANK($B152),NA(),IFERROR(SUM($B152:$B$177),NA())) -> 345407.75 | O152: =IF(ISBLANK($C152),NA(),IFERROR(SUM($C152:$C$177),NA())) -> 453049.03 | P152: =IF(ISBLANK($D152),NA(),IFERROR(SUM($D152:$D$177),NA())) -> 812237.06 | Q152: =IFERROR(O152+P152,"") -> 1265286.1 | R152: =IFERROR(N152/Q152*100,NA()) -> 27.298786 | S152: =IFERROR(O152/Q152*100,NA()) -> 35.806055 | T152: =IF(ISBLANK($E152),NA(),IFERROR(SUM($E152:$E$177),NA())) -> 313735.22 | U152: =IF(ISBLANK($F152),NA(),IFERROR(SUM($F152:$F$177),NA())) -> 373205.09 | V152: =IF(ISBLANK($G152),NA(),IFERROR(SUM($G152:$G$177),NA())) -> 665731.37 | W152: =IFERROR(U152+V152,"") -> 1038936.5 | X152: =IFERROR(T152/W152*100,NA()) -> 30.197729 | Y152: =IFERROR(U152/W152*100,NA()) -> 35.92184 | Z152: =IF(ISBLANK($H152),NA(),IFERROR(SUM($H152:$H$177),NA())) -> 328075.58 | AA152: =IF(ISBLANK($I152),NA(),IFERROR(SUM($I152:$I$177),NA())) -> 392256.43 | AB152: =IF(ISBLANK($J152),NA(),IFERROR(SUM($J152:$J$177),NA())) -> 800627.92 | AC152: =IFERROR(AA152+AB152,"") -> 1192884.4 | AD152: =IFERROR(Z152/AC152*100,NA()) -> 27.502715 | AE152: =IFERROR(AA152/AC152*100,NA()) -> 32.883023
A153: 2000 | B153: 14590.567 | C153: 18264.278 | D153: 22515.535 | E153: 13262.195 | F153: 15297.981 | G153: 16364.483 | H153: 14301.141 | I153: 17278.166 | J153: 21094.417 | N153: =IF(ISBLANK($B153),NA(),IFERROR(SUM($B153:$B$177),NA())) -> 331159.9 | O153: =IF(ISBLANK($C153),NA(),IFERROR(SUM($C153:$C$177),NA())) -> 435005.94 | P153: =IF(ISBLANK($D153),NA(),IFERROR(SUM($D153:$D$177),NA())) -> 789835.97 | Q153: =IFERROR(O153+P153,"") -> 1224841.9 | R153: =IFERROR(N153/Q153*100,NA()) -> 27.036951 | S153: =IFERROR(O153/Q153*100,NA()) -> 35.515273 | T153: =IF(ISBLANK($E153),NA(),IFERROR(SUM($E153:$E$177),NA())) -> 300778.73 | U153: =IF(ISBLANK($F153),NA(),IFERROR(SUM($F153:$F$177),NA())) -> 358302.99 | V153: =IF(ISBLANK($G153),NA(),IFERROR(SUM($G153:$G$177),NA())) -> 649179.63 | W153: =IFERROR(U153+V153,"") -> 1007482.6 | X153: =IFERROR(T153/W153*100,NA()) -> 29.854483 | Y153: =IFERROR(U153/W153*100,NA()) -> 35.564186 | Z153: =IF(ISBLANK($H153),NA(),IFERROR(SUM($H153:$H$177),NA())) -> 314297.46 | AA153: =IF(ISBLANK($I153),NA(),IFERROR(SUM($I153:$I$177),NA())) -> 375861.36 | AB153: =IF(ISBLANK($J153),NA(),IFERROR(SUM($J153:$J$177),NA())) -> 780739.7 | AC153: =IFERROR(AA153+AB153,"") -> 1156601.1 | AD153: =IFERROR(Z153/AC153*100,NA()) -> 27.174232 | AE153: =IFERROR(AA153/AC153*100,NA()) -> 32.497062
A154: 2001 | B154: 14331.77 | C154: 18038.996 | D154: 22204.716 | E154: 13092.569 | F154: 15079.125 | G154: 16773.487 | H154: 14158.627 | I154: 16597.361 | J154: 21366.234 | N154: =IF(ISBLANK($B154),NA(),IFERROR(SUM($B154:$B$177),NA())) -> 316569.34 | O154: =IF(ISBLANK($C154),NA(),IFERROR(SUM($C154:$C$177),NA())) -> 416741.67 | P154: =IF(ISBLANK($D154),NA(),IFERROR(SUM($D154:$D$177),NA())) -> 767320.43 | Q154: =IFERROR(O154+P154,"") -> 1184062.1 | R154: =IFERROR(N154/Q154*100,NA()) -> 26.735873 | S154: =IFERROR(O154/Q154*100,NA()) -> 35.19593 | T154: =IF(ISBLANK($E154),NA(),IFERROR(SUM($E154:$E$177),NA())) -> 287516.53 | U154: =IF(ISBLANK($F154),NA(),IFERROR(SUM($F154:$F$177),NA())) -> 343005.01 | V154: =IF(ISBLANK($G154),NA(),IFERROR(SUM($G154:$G$177),NA())) -> 632815.15 | W154: =IFERROR(U154+V154,"") -> 975820.16 | X154: =IFERROR(T154/W154*100,NA()) -> 29.46409 | Y154: =IFERROR(U154/W154*100,NA()) -> 35.150433 | Z154: =IF(ISBLANK($H154),NA(),IFERROR(SUM($H154:$H$177),NA())) -> 299996.32 | AA154: =IF(ISBLANK($I154),NA(),IFERROR(SUM($I154:$I$177),NA())) -> 358583.2 | AB154: =IF(ISBLANK($J154),NA(),IFERROR(SUM($J154:$J$177),NA())) -> 759645.29 | AC154: =IFERROR(AA154+AB154,"") -> 1118228.5 | AD154: =IFERROR(Z154/AC154*100,NA()) -> 26.827819 | AE154: =IFERROR(AA154/AC154*100,NA()) -> 32.067078
... A177: 2024 | B177: 11369.645 | C177: 15810.797 | D177: 38602.845 | E177: 8641.151 | F177: 11449.105 | G177: 24074.701 | H177: 10627.385 | I177: 13166.136 | J177: 39545.381 | N177: =IF(ISBLANK($B177),NA(),IFERROR(SUM($B177:$B$177),NA())) -> 11369.645 | O177: =IF(ISBLANK($C177),NA(),IFERROR(SUM($C177:$C$177),NA())) -> 15810.797 | P177: =IF(ISBLANK($D177),NA(),IFERROR(SUM($D177:$D$177),NA())) -> 38602.845 | Q177: =IFERROR(O177+P177,"") -> 54413.642 | R177: =IFERROR(N177/Q177*100,NA()) -> 20.894843 | S177: =IFERROR(O177/Q177*100,NA()) -> 29.056678 | T177: =IF(ISBLANK($E177),NA(),IFERROR(SUM($E177:$E$177),NA())) -> 8641.151 | U177: =IF(ISBLANK($F177),NA(),IFERROR(SUM($F177:$F$177),NA())) -> 11449.105 | V177: =IF(ISBLANK($G177),NA(),IFERROR(SUM($G177:$G$177),NA())) -> 24074.701 | W177: =IFERROR(U177+V177,"") -> 35523.806 | X177: =IFERROR(T177/W177*100,NA()) -> 24.324958 | Y177: =IFERROR(U177/W177*100,NA()) -> 32.229387 | Z177: =IF(ISBLANK($H177),NA(),IFERROR(SUM($H177:$H$177),NA())) -> 10627.385 | AA177: =IF(ISBLANK($I177),NA(),IFERROR(SUM($I177:$I$177),NA())) -> 13166.136 | AB177: =IF(ISBLANK($J177),NA(),IFERROR(SUM($J177:$J$177),NA())) -> 39545.381 | AC177: =IFERROR(AA177+AB177,"") -> 52711.517 | AD177: =IFERROR(Z177/AC177*100,NA()) -> 20.16141 | AE177: =IFERROR(AA177/AC177*100,NA()) -> 24.977722

Sheet GHG incl LULUCF

Sheet data_ghg_incLUC
A1: Cumulative GHG emissions including LULUCF to 2024, different start points
A2: Year | B2: AII_Min | C2: AII_Max | D2: AI_Min | E2: AI_Max | F2: Pure_AII | G2: Overlap | H2: AI_Gap | I2: pct_annex2_OWID | J2: pct_annex2_PRIMAP | K2: pct_annex2_EDGAR | M2: pct_annex1_OWID | N2: pct_annex1_PRIMAP | O2: pct_annex1_EDGAR | Q2: Pure_AI | R2: Annex II GMST | S2: Annex I GMST
A3: =vals_ghg_incLUC!$A3 -> 1850 | B3: =IFERROR(_xlfn.AGGREGATE(5,6,I3:L3),"") -> 36.435552 | C3: =IFERROR(_xlfn.AGGREGATE(4,6,I3:L3),"") -> 39.454285 | D3: =IFERROR(_xlfn.AGGREGATE(5,6,M3:P3),"") -> 49.389956 | E3: =IFERROR(_xlfn.AGGREGATE(4,6,M3:P3),"") -> 50.956621 | F3: =IFERROR(MIN(C3,D3)-B3,"") -> 3.0187333 | G3: =IFERROR(MAX(0,C3-D3),"") -> 0 | H3: =IFERROR(MAX(0,D3-C3),"") -> 9.9356706 | I3: =vals_ghg_incLUC!$R3 -> 36.435552 | J3: =vals_ghg_incLUC!$X3 -> 39.454285 | K3: =vals_ghg_incLUC!$AD3 -> #N/A | M3: =vals_ghg_incLUC!$S3 -> 49.389956 | N3: =vals_ghg_incLUC!$Y3 -> 50.956621 | O3: =vals_ghg_incLUC!$AE3 -> #N/A | Q3: =IFERROR(MAX(0,$E3-MAX($C3,$D3)),"") -> 1.5666652 | R3: 34.289 | S3: 46.369
A4: =vals_ghg_incLUC!$A4 -> 1851 | B4: =IFERROR(_xlfn.AGGREGATE(5,6,I4:L4),"") -> 36.43593 | C4: =IFERROR(_xlfn.AGGREGATE(4,6,I4:L4),"") -> 39.45187 | D4: =IFERROR(_xlfn.AGGREGATE(5,6,M4:P4),"") -> 49.384257 | E4: =IFERROR(_xlfn.AGGREGATE(4,6,M4:P4),"") -> 50.95095 | F4: =IFERROR(MIN(C4,D4)-B4,"") -> 3.0159397 | G4: =IFERROR(MAX(0,C4-D4),"") -> 0 | H4: =IFERROR(MAX(0,D4-C4),"") -> 9.9323868 | I4: =vals_ghg_incLUC!$R4 -> 36.43593 | J4: =vals_ghg_incLUC!$X4 -> 39.45187 | K4: =vals_ghg_incLUC!$AD4 -> #N/A | M4: =vals_ghg_incLUC!$S4 -> 49.384257 | N4: =vals_ghg_incLUC!$Y4 -> 50.95095 | O4: =vals_ghg_incLUC!$AE4 -> #N/A | Q4: =IFERROR(MAX(0,$E4-MAX($C4,$D4)),"") -> 1.5666933 | R4: 34.289 | S4: 46.369
A5: =vals_ghg_incLUC!$A5 -> 1852 | B5: =IFERROR(_xlfn.AGGREGATE(5,6,I5:L5),"") -> 36.436122 | C5: =IFERROR(_xlfn.AGGREGATE(4,6,I5:L5),"") -> 39.448873 | D5: =IFERROR(_xlfn.AGGREGATE(5,6,M5:P5),"") -> 49.378731 | E5: =IFERROR(_xlfn.AGGREGATE(4,6,M5:P5),"") -> 50.944532 | F5: =IFERROR(MIN(C5,D5)-B5,"") -> 3.0127504 | G5: =IFERROR(MAX(0,C5-D5),"") -> 0 | H5: =IFERROR(MAX(0,D5-C5),"") -> 9.9298581 | I5: =vals_ghg_incLUC!$R5 -> 36.436122 | J5: =vals_ghg_incLUC!$X5 -> 39.448873 | K5: =vals_ghg_incLUC!$AD5 -> #N/A | M5: =vals_ghg_incLUC!$S5 -> 49.378731 | N5: =vals_ghg_incLUC!$Y5 -> 50.944532 | O5: =vals_ghg_incLUC!$AE5 -> #N/A | Q5: =IFERROR(MAX(0,$E5-MAX($C5,$D5)),"") -> 1.5658014 | R5: 34.283 | S5: 46.356
A6: =vals_ghg_incLUC!$A6 -> 1853 | B6: =IFERROR(_xlfn.AGGREGATE(5,6,I6:L6),"") -> 36.43661 | C6: =IFERROR(_xlfn.AGGREGATE(4,6,I6:L6),"") -> 39.440696 | D6: =IFERROR(_xlfn.AGGREGATE(5,6,M6:P6),"") -> 49.372795 | E6: =IFERROR(_xlfn.AGGREGATE(4,6,M6:P6),"") -> 50.933605 | F6: =IFERROR(MIN(C6,D6)-B6,"") -> 3.004086 | G6: =IFERROR(MAX(0,C6-D6),"") -> 0 | H6: =IFERROR(MAX(0,D6-C6),"") -> 9.932099 | I6: =vals_ghg_incLUC!$R6 -> 36.43661 | J6: =vals_ghg_incLUC!$X6 -> 39.440696 | K6: =vals_ghg_incLUC!$AD6 -> #N/A | M6: =vals_ghg_incLUC!$S6 -> 49.372795 | N6: =vals_ghg_incLUC!$Y6 -> 50.933605 | O6: =vals_ghg_incLUC!$AE6 -> #N/A | Q6: =IFERROR(MAX(0,$E6-MAX($C6,$D6)),"") -> 1.5608094 | R6: 34.278 | S6: 46.342
A7: =vals_ghg_incLUC!$A7 -> 1854 | B7: =IFERROR(_xlfn.AGGREGATE(5,6,I7:L7),"") -> 36.436022 | C7: =IFERROR(_xlfn.AGGREGATE(4,6,I7:L7),"") -> 39.431261 | D7: =IFERROR(_xlfn.AGGREGATE(5,6,M7:P7),"") -> 49.366575 | E7: =IFERROR(_xlfn.AGGREGATE(4,6,M7:P7),"") -> 50.921346 | F7: =IFERROR(MIN(C7,D7)-B7,"") -> 2.9952392 | G7: =IFERROR(MAX(0,C7-D7),"") -> 0 | H7: =IFERROR(MAX(0,D7-C7),"") -> 9.9353139 | I7: =vals_ghg_incLUC!$R7 -> 36.436022 | J7: =vals_ghg_incLUC!$X7 -> 39.431261 | K7: =vals_ghg_incLUC!$AD7 -> #N/A | M7: =vals_ghg_incLUC!$S7 -> 49.366575 | N7: =vals_ghg_incLUC!$Y7 -> 50.921346 | O7: =vals_ghg_incLUC!$AE7 -> #N/A | Q7: =IFERROR(MAX(0,$E7-MAX($C7,$D7)),"") -> 1.5547703 | R7: 34.271 | S7: 46.328
A8: =vals_ghg_incLUC!$A8 -> 1855 | B8: =IFERROR(_xlfn.AGGREGATE(5,6,I8:L8),"") -> 36.434369 | C8: =IFERROR(_xlfn.AGGREGATE(4,6,I8:L8),"") -> 39.419936 | D8: =IFERROR(_xlfn.AGGREGATE(5,6,M8:P8),"") -> 49.358844 | E8: =IFERROR(_xlfn.AGGREGATE(4,6,M8:P8),"") -> 50.907227 | F8: =IFERROR(MIN(C8,D8)-B8,"") -> 2.9855671 | G8: =IFERROR(MAX(0,C8-D8),"") -> 0 | H8: =IFERROR(MAX(0,D8-C8),"") -> 9.9389081 | I8: =vals_ghg_incLUC!$R8 -> 36.434369 | J8: =vals_ghg_incLUC!$X8 -> 39.419936 | K8: =vals_ghg_incLUC!$AD8 -> #N/A | M8: =vals_ghg_incLUC!$S8 -> 49.358844 | N8: =vals_ghg_incLUC!$Y8 -> 50.907227 | O8: =vals_ghg_incLUC!$AE8 -> #N/A | Q8: =IFERROR(MAX(0,$E8-MAX($C8,$D8)),"") -> 1.5483834 | R8: 34.262 | S8: 46.311
A9: =vals_ghg_incLUC!$A9 -> 1856 | B9: =IFERROR(_xlfn.AGGREGATE(5,6,I9:L9),"") -> 36.432817 | C9: =IFERROR(_xlfn.AGGREGATE(4,6,I9:L9),"") -> 39.407491 | D9: =IFERROR(_xlfn.AGGREGATE(5,6,M9:P9),"") -> 49.351258 | E9: =IFERROR(_xlfn.AGGREGATE(4,6,M9:P9),"") -> 50.891853 | F9: =IFERROR(MIN(C9,D9)-B9,"") -> 2.9746737 | G9: =IFERROR(MAX(0,C9-D9),"") -> 0 | H9: =IFERROR(MAX(0,D9-C9),"") -> 9.943767 | I9: =vals_ghg_incLUC!$R9 -> 36.432817 | J9: =vals_ghg_incLUC!$X9 -> 39.407491 | K9: =vals_ghg_incLUC!$AD9 -> #N/A | M9: =vals_ghg_incLUC!$S9 -> 49.351258 | N9: =vals_ghg_incLUC!$Y9 -> 50.891853 | O9: =vals_ghg_incLUC!$AE9 -> #N/A | Q9: =IFERROR(MAX(0,$E9-MAX($C9,$D9)),"") -> 1.5405948 | R9: 34.254 | S9: 46.295
A10: =vals_ghg_incLUC!$A10 -> 1857 | B10: =IFERROR(_xlfn.AGGREGATE(5,6,I10:L10),"") -> 36.430832 | C10: =IFERROR(_xlfn.AGGREGATE(4,6,I10:L10),"") -> 39.394055 | D10: =IFERROR(_xlfn.AGGREGATE(5,6,M10:P10),"") -> 49.343162 | E10: =IFERROR(_xlfn.AGGREGATE(4,6,M10:P10),"") -> 50.875525 | F10: =IFERROR(MIN(C10,D10)-B10,"") -> 2.9632229 | G10: =IFERROR(MAX(0,C10-D10),"") -> 0 | H10: =IFERROR(MAX(0,D10-C10),"") -> 9.9491065 | I10: =vals_ghg_incLUC!$R10 -> 36.430832 | J10: =vals_ghg_incLUC!$X10 -> 39.394055 | K10: =vals_ghg_incLUC!$AD10 -> #N/A | M10: =vals_ghg_incLUC!$S10 -> 49.343162 | N10: =vals_ghg_incLUC!$Y10 -> 50.875525 | O10: =vals_ghg_incLUC!$AE10 -> #N/A | Q10: =IFERROR(MAX(0,$E10-MAX($C10,$D10)),"") -> 1.5323628 | R10: 34.245 | S10: 46.279
A11: =vals_ghg_incLUC!$A11 -> 1858 | B11: =IFERROR(_xlfn.AGGREGATE(5,6,I11:L11),"") -> 36.428717 | C11: =IFERROR(_xlfn.AGGREGATE(4,6,I11:L11),"") -> 39.379994 | D11: =IFERROR(_xlfn.AGGREGATE(5,6,M11:P11),"") -> 49.334769 | E11: =IFERROR(_xlfn.AGGREGATE(4,6,M11:P11),"") -> 50.85855 | F11: =IFERROR(MIN(C11,D11)-B11,"") -> 2.9512767 | G11: =IFERROR(MAX(0,C11-D11),"") -> 0 | H11: =IFERROR(MAX(0,D11-C11),"") -> 9.9547759 | I11: =vals_ghg_incLUC!$R11 -> 36.428717 | J11: =vals_ghg_incLUC!$X11 -> 39.379994 | K11: =vals_ghg_incLUC!$AD11 -> #N/A | M11: =vals_ghg_incLUC!$S11 -> 49.334769 | N11: =vals_ghg_incLUC!$Y11 -> 50.85855 | O11: =vals_ghg_incLUC!$AE11 -> #N/A | Q11: =IFERROR(MAX(0,$E11-MAX($C11,$D11)),"") -> 1.5237808 | R11: 34.235 | S11: 46.261
A12: =vals_ghg_incLUC!$A12 -> 1859 | B12: =IFERROR(_xlfn.AGGREGATE(5,6,I12:L12),"") -> 36.426063 | C12: =IFERROR(_xlfn.AGGREGATE(4,6,I12:L12),"") -> 39.365343 | D12: =IFERROR(_xlfn.AGGREGATE(5,6,M12:P12),"") -> 49.325824 | E12: =IFERROR(_xlfn.AGGREGATE(4,6,M12:P12),"") -> 50.840951 | F12: =IFERROR(MIN(C12,D12)-B12,"") -> 2.9392803 | G12: =IFERROR(MAX(0,C12-D12),"") -> 0 | H12: =IFERROR(MAX(0,D12-C12),"") -> 9.9604814 | I12: =vals_ghg_incLUC!$R12 -> 36.426063 | J12: =vals_ghg_incLUC!$X12 -> 39.365343 | K12: =vals_ghg_incLUC!$AD12 -> #N/A | M12: =vals_ghg_incLUC!$S12 -> 49.325824 | N12: =vals_ghg_incLUC!$Y12 -> 50.840951 | O12: =vals_ghg_incLUC!$AE12 -> #N/A | Q12: =IFERROR(MAX(0,$E12-MAX($C12,$D12)),"") -> 1.5151261 | R12: 34.226 | S12: 46.244
A13: =vals_ghg_incLUC!$A13 -> 1860 | B13: =IFERROR(_xlfn.AGGREGATE(5,6,I13:L13),"") -> 36.422693 | C13: =IFERROR(_xlfn.AGGREGATE(4,6,I13:L13),"") -> 39.349766 | D13: =IFERROR(_xlfn.AGGREGATE(5,6,M13:P13),"") -> 49.316172 | E13: =IFERROR(_xlfn.AGGREGATE(4,6,M13:P13),"") -> 50.822492 | F13: =IFERROR(MIN(C13,D13)-B13,"") -> 2.9270729 | G13: =IFERROR(MAX(0,C13-D13),"") -> 0 | H13: =IFERROR(MAX(0,D13-C13),"") -> 9.9664063 | I13: =vals_ghg_incLUC!$R13 -> 36.422693 | J13: =vals_ghg_incLUC!$X13 -> 39.349766 | K13: =vals_ghg_incLUC!$AD13 -> #N/A | M13: =vals_ghg_incLUC!$S13 -> 49.316172 | N13: =vals_ghg_incLUC!$Y13 -> 50.822492 | O13: =vals_ghg_incLUC!$AE13 -> #N/A | Q13: =IFERROR(MAX(0,$E13-MAX($C13,$D13)),"") -> 1.50632 | R13: 34.215 | S13: 46.225
A14: =vals_ghg_incLUC!$A14 -> 1861 | B14: =IFERROR(_xlfn.AGGREGATE(5,6,I14:L14),"") -> 36.417719 | C14: =IFERROR(_xlfn.AGGREGATE(4,6,I14:L14),"") -> 39.333015 | D14: =IFERROR(_xlfn.AGGREGATE(5,6,M14:P14),"") -> 49.304962 | E14: =IFERROR(_xlfn.AGGREGATE(4,6,M14:P14),"") -> 50.802936 | F14: =IFERROR(MIN(C14,D14)-B14,"") -> 2.9152967 | G14: =IFERROR(MAX(0,C14-D14),"") -> 0 | H14: =IFERROR(MAX(0,D14-C14),"") -> 9.9719465 | I14: =vals_ghg_incLUC!$R14 -> 36.417719 | J14: =vals_ghg_incLUC!$X14 -> 39.333015 | K14: =vals_ghg_incLUC!$AD14 -> #N/A | M14: =vals_ghg_incLUC!$S14 -> 49.304962 | N14: =vals_ghg_incLUC!$Y14 -> 50.802936 | O14: =vals_ghg_incLUC!$AE14 -> #N/A | Q14: =IFERROR(MAX(0,$E14-MAX($C14,$D14)),"") -> 1.497974 | R14: 34.203 | S14: 46.205
... A177: =vals_ghg_incLUC!$A177 -> 2024 | B177: =IFERROR(_xlfn.AGGREGATE(5,6,I177:L177),"") -> 20.16141 | C177: =IFERROR(_xlfn.AGGREGATE(4,6,I177:L177),"") -> 24.324958 | D177: =IFERROR(_xlfn.AGGREGATE(5,6,M177:P177),"") -> 24.977722 | E177: =IFERROR(_xlfn.AGGREGATE(4,6,M177:P177),"") -> 32.229387 | F177: =IFERROR(MIN(C177,D177)-B177,"") -> 4.1635484 | G177: =IFERROR(MAX(0,C177-D177),"") -> 0 | H177: =IFERROR(MAX(0,D177-C177),"") -> 0.65276335 | I177: =vals_ghg_incLUC!$R177 -> 20.894843 | J177: =vals_ghg_incLUC!$X177 -> 24.324958 | K177: =vals_ghg_incLUC!$AD177 -> 20.16141 | M177: =vals_ghg_incLUC!$S177 -> 29.056678 | N177: =vals_ghg_incLUC!$Y177 -> 32.229387 | O177: =vals_ghg_incLUC!$AE177 -> 24.977722 | Q177: =IFERROR(MAX(0,$E177-MAX($C177,$D177)),"") -> 7.2516656 | R177: 17.709 | S177: 25.975

Sheet vals_ghg_excLUC
A2: Year | B2: annex2_OWID | C2: annex1_OWID | D2: non_annex1_OWID | E2: annex2_PRIMAP | F2: annex1_PRIMAP | G2: non_annex1_PRIMAP | H2: annex2_EDGAR | I2: annex1_EDGAR | J2: non_annex1_EDGAR | K2: annex2_ClimateWatch | L2: annex1_ClimateWatch | M2: non_annex1_ClimateWatch | N2: cum_annex2_OWID | O2: cum_annex1_OWID | P2: cum_non_ann1_OWID | Q2: cum_world_OWID | R2: pct_annex2_OWID | S2: pct_annex1_OWID | T2: cum_annex2_PRIMAP | U2: cum_annex1_PRIMAP | V2: cum_non_ann1_PRIMAP | W2: cum_world_PRIMAP | X2: pct_annex2_PRIMAP | Y2: pct_annex1_PRIMAP | Z2: cum_annex2_EDGAR | AA2: cum_annex1_EDGAR | AB2: cum_non_ann1_EDGAR | AC2: cum_world_EDGAR | AD2: pct_annex2_EDGAR | AE2: pct_annex1_EDGAR | AF2: cum_annex2_ClimateWatch | AG2: cum_annex1_ClimateWatch | AH2: cum_non_ann1_ClimateWatch | AI2: cum_world_ClimateWatch | AJ2: pct_annex2_ClimateWatch | AK2: pct_annex1_ClimateWatch
A3: 1850 | B3: 375.324 | C3: 451.719 | D3: 230.605 | E3: 608.538 | F3: 805.61 | G3: 757.79 | N3: =IF(ISBLANK($B3),NA(),IFERROR(SUM($B3:$B$177),NA())) -> 1011066.5 | O3: =IF(ISBLANK($C3),NA(),IFERROR(SUM($C3:$C$177),NA())) -> 1309544.7 | P3: =IF(ISBLANK($D3),NA(),IFERROR(SUM($D3:$D$177),NA())) -> 894998.05 | Q3: =IFERROR(O3+P3,"") -> 2204542.7 | R3: =IFERROR(N3/Q3*100,NA()) -> 45.862869 | S3: =IFERROR(O3/Q3*100,NA()) -> 59.4021 | T3: =IF(ISBLANK($E3),NA(),IFERROR(SUM($E3:$E$177),NA())) -> 1175341.4 | U3: =IF(ISBLANK($F3),NA(),IFERROR(SUM($F3:$F$177),NA())) -> 1536110 | V3: =IF(ISBLANK($G3),NA(),IFERROR(SUM($G3:$G$177),NA())) -> 1199590 | W3: =IFERROR(U3+V3,"") -> 2735700.1 | X3: =IFERROR(T3/W3*100,NA()) -> 42.963096 | Y3: =IFERROR(U3/W3*100,NA()) -> 56.150528 | Z3: =IF(ISBLANK($H3),NA(),IFERROR(SUM($H3:$H$177),NA())) -> #N/A | AA3: =IF(ISBLANK($I3),NA(),IFERROR(SUM($I3:$I$177),NA())) -> #N/A | AB3: =IF(ISBLANK($J3),NA(),IFERROR(SUM($J3:$J$177),NA())) -> #N/A | AC3: =IFERROR(AA3+AB3,"") | AD3: =IFERROR(Z3/AC3*100,NA()) -> #N/A | AE3: =IFERROR(AA3/AC3*100,NA()) -> #N/A | AF3: =IF(ISBLANK($K3),NA(),IFERROR(SUM($K3:$K$177),NA())) -> #N/A | AG3: =IF(ISBLANK($L3),NA(),IFERROR(SUM($L3:$L$177),NA())) -> #N/A | AH3: =IF(ISBLANK($M3),NA(),IFERROR(SUM($M3:$M$177),NA())) -> #N/A | AI3: =IFERROR(AG3+AH3,"") | AJ3: =IFERROR(AF3/AI3*100,NA()) -> #N/A | AK3: =IFERROR(AG3/AI3*100,NA()) -> #N/A
A4: 1851 | B4: 377.222 | C4: 454.879 | D4: 230.577 | E4: 614.065 | F4: 813.995 | G4: 759.213 | N4: =IF(ISBLANK($B4),NA(),IFERROR(SUM($B4:$B$177),NA())) -> 1010691.2 | O4: =IF(ISBLANK($C4),NA(),IFERROR(SUM($C4:$C$177),NA())) -> 1309092.9 | P4: =IF(ISBLANK($D4),NA(),IFERROR(SUM($D4:$D$177),NA())) -> 894767.44 | Q4: =IFERROR(O4+P4,"") -> 2203860.4 | R4: =IFERROR(N4/Q4*100,NA()) -> 45.860038 | S4: =IFERROR(O4/Q4*100,NA()) -> 59.399994 | T4: =IF(ISBLANK($E4),NA(),IFERROR(SUM($E4:$E$177),NA())) -> 1174732.9 | U4: =IF(ISBLANK($F4),NA(),IFERROR(SUM($F4:$F$177),NA())) -> 1535304.4 | V4: =IF(ISBLANK($G4),NA(),IFERROR(SUM($G4:$G$177),NA())) -> 1198832.2 | W4: =IFERROR(U4+V4,"") -> 2734136.7 | X4: =IFERROR(T4/W4*100,NA()) -> 42.965406 | Y4: =IFERROR(U4/W4*100,NA()) -> 56.15317 | Z4: =IF(ISBLANK($H4),NA(),IFERROR(SUM($H4:$H$177),NA())) -> #N/A | AA4: =IF(ISBLANK($I4),NA(),IFERROR(SUM($I4:$I$177),NA())) -> #N/A | AB4: =IF(ISBLANK($J4),NA(),IFERROR(SUM($J4:$J$177),NA())) -> #N/A | AC4: =IFERROR(AA4+AB4,"") | AD4: =IFERROR(Z4/AC4*100,NA()) -> #N/A | AE4: =IFERROR(AA4/AC4*100,NA()) -> #N/A | AF4: =IF(ISBLANK($K4),NA(),IFERROR(SUM($K4:$K$177),NA())) -> #N/A | AG4: =IF(ISBLANK($L4),NA(),IFERROR(SUM($L4:$L$177),NA())) -> #N/A | AH4: =IF(ISBLANK($M4),NA(),IFERROR(SUM($M4:$M$177),NA())) -> #N/A | AI4: =IFERROR(AG4+AH4,"") | AJ4: =IFERROR(AF4/AI4*100,NA()) -> #N/A | AK4: =IFERROR(AG4/AI4*100,NA()) -> #N/A
A5: 1852 | B5: 387.491 | C5: 466.759 | D5: 230.704 | E5: 627.68 | F5: 830.761 | G5: 760.709 | N5: =IF(ISBLANK($B5),NA(),IFERROR(SUM($B5:$B$177),NA())) -> 1010314 | O5: =IF(ISBLANK($C5),NA(),IFERROR(SUM($C5:$C$177),NA())) -> 1308638.1 | P5: =IF(ISBLANK($D5),NA(),IFERROR(SUM($D5:$D$177),NA())) -> 894536.86 | Q5: =IFERROR(O5+P5,"") -> 2203174.9 | R5: =IFERROR(N5/Q5*100,NA()) -> 45.857184 | S5: =IFERROR(O5/Q5*100,NA()) -> 59.397829 | T5: =IF(ISBLANK($E5),NA(),IFERROR(SUM($E5:$E$177),NA())) -> 1174118.8 | U5: =IF(ISBLANK($F5),NA(),IFERROR(SUM($F5:$F$177),NA())) -> 1534490.4 | V5: =IF(ISBLANK($G5),NA(),IFERROR(SUM($G5:$G$177),NA())) -> 1198073 | W5: =IFERROR(U5+V5,"") -> 2732563.4 | X5: =IFERROR(T5/W5*100,NA()) -> 42.96767 | Y5: =IFERROR(U5/W5*100,NA()) -> 56.15571 | Z5: =IF(ISBLANK($H5),NA(),IFERROR(SUM($H5:$H$177),NA())) -> #N/A | AA5: =IF(ISBLANK($I5),NA(),IFERROR(SUM($I5:$I$177),NA())) -> #N/A | AB5: =IF(ISBLANK($J5),NA(),IFERROR(SUM($J5:$J$177),NA())) -> #N/A | AC5: =IFERROR(AA5+AB5,"") | AD5: =IFERROR(Z5/AC5*100,NA()) -> #N/A | AE5: =IFERROR(AA5/AC5*100,NA()) -> #N/A | AF5: =IF(ISBLANK($K5),NA(),IFERROR(SUM($K5:$K$177),NA())) -> #N/A | AG5: =IF(ISBLANK($L5),NA(),IFERROR(SUM($L5:$L$177),NA())) -> #N/A | AH5: =IF(ISBLANK($M5),NA(),IFERROR(SUM($M5:$M$177),NA())) -> #N/A | AI5: =IFERROR(AG5+AH5,"") | AJ5: =IFERROR(AF5/AI5*100,NA()) -> #N/A | AK5: =IFERROR(AG5/AI5*100,NA()) -> #N/A
A6: 1853 | B6: 400.152 | C6: 480.441 | D6: 230.707 | E6: 643.593 | F6: 849.23 | G6: 762.197 | N6: =IF(ISBLANK($B6),NA(),IFERROR(SUM($B6:$B$177),NA())) -> 1009926.5 | O6: =IF(ISBLANK($C6),NA(),IFERROR(SUM($C6:$C$177),NA())) -> 1308171.3 | P6: =IF(ISBLANK($D6),NA(),IFERROR(SUM($D6:$D$177),NA())) -> 894306.16 | Q6: =IFERROR(O6+P6,"") -> 2202477.5 | R6: =IFERROR(N6/Q6*100,NA()) -> 45.854112 | S6: =IFERROR(O6/Q6*100,NA()) -> 59.395446 | T6: =IF(ISBLANK($E6),NA(),IFERROR(SUM($E6:$E$177),NA())) -> 1173491.2 | U6: =IF(ISBLANK($F6),NA(),IFERROR(SUM($F6:$F$177),NA())) -> 1533659.6 | V6: =IF(ISBLANK($G6),NA(),IFERROR(SUM($G6:$G$177),NA())) -> 1197312.3 | W6: =IFERROR(U6+V6,"") -> 2730972 | X6: =IFERROR(T6/W6*100,NA()) -> 42.969726 | Y6: =IFERROR(U6/W6*100,NA()) -> 56.158015 | Z6: =IF(ISBLANK($H6),NA(),IFERROR(SUM($H6:$H$177),NA())) -> #N/A | AA6: =IF(ISBLANK($I6),NA(),IFERROR(SUM($I6:$I$177),NA())) -> #N/A | AB6: =IF(ISBLANK($J6),NA(),IFERROR(SUM($J6:$J$177),NA())) -> #N/A | AC6: =IFERROR(AA6+AB6,"") | AD6: =IFERROR(Z6/AC6*100,NA()) -> #N/A | AE6: =IFERROR(AA6/AC6*100,NA()) -> #N/A | AF6: =IF(ISBLANK($K6),NA(),IFERROR(SUM($K6:$K$177),NA())) -> #N/A | AG6: =IF(ISBLANK($L6),NA(),IFERROR(SUM($L6:$L$177),NA())) -> #N/A | AH6: =IF(ISBLANK($M6),NA(),IFERROR(SUM($M6:$M$177),NA())) -> #N/A | AI6: =IFERROR(AG6+AH6,"") | AJ6: =IFERROR(AF6/AI6*100,NA()) -> #N/A | AK6: =IFERROR(AG6/AI6*100,NA()) -> #N/A
A7: 1854 | B7: 445.605 | C7: 527.311 | D7: 230.666 | E7: 692.777 | F7: 901.346 | G7: 763.664 | N7: =IF(ISBLANK($B7),NA(),IFERROR(SUM($B7:$B$177),NA())) -> 1009526.3 | O7: =IF(ISBLANK($C7),NA(),IFERROR(SUM($C7:$C$177),NA())) -> 1307690.9 | P7: =IF(ISBLANK($D7),NA(),IFERROR(SUM($D7:$D$177),NA())) -> 894075.45 | Q7: =IFERROR(O7+P7,"") -> 2201766.3 | R7: =IFERROR(N7/Q7*100,NA()) -> 45.850748 | S7: =IFERROR(O7/Q7*100,NA()) -> 59.392809 | T7: =IF(ISBLANK($E7),NA(),IFERROR(SUM($E7:$E$177),NA())) -> 1172847.6 | U7: =IF(ISBLANK($F7),NA(),IFERROR(SUM($F7:$F$177),NA())) -> 1532810.4 | V7: =IF(ISBLANK($G7),NA(),IFERROR(SUM($G7:$G$177),NA())) -> 1196550.1 | W7: =IFERROR(U7+V7,"") -> 2729360.5 | X7: =IFERROR(T7/W7*100,NA()) -> 42.971515 | Y7: =IFERROR(U7/W7*100,NA()) -> 56.160056 | Z7: =IF(ISBLANK($H7),NA(),IFERROR(SUM($H7:$H$177),NA())) -> #N/A | AA7: =IF(ISBLANK($I7),NA(),IFERROR(SUM($I7:$I$177),NA())) -> #N/A | AB7: =IF(ISBLANK($J7),NA(),IFERROR(SUM($J7:$J$177),NA())) -> #N/A | AC7: =IFERROR(AA7+AB7,"") | AD7: =IFERROR(Z7/AC7*100,NA()) -> #N/A | AE7: =IFERROR(AA7/AC7*100,NA()) -> #N/A | AF7: =IF(ISBLANK($K7),NA(),IFERROR(SUM($K7:$K$177),NA())) -> #N/A | AG7: =IF(ISBLANK($L7),NA(),IFERROR(SUM($L7:$L$177),NA())) -> #N/A | AH7: =IF(ISBLANK($M7),NA(),IFERROR(SUM($M7:$M$177),NA())) -> #N/A | AI7: =IFERROR(AG7+AH7,"") | AJ7: =IFERROR(AF7/AI7*100,NA()) -> #N/A | AK7: =IFERROR(AG7/AI7*100,NA()) -> #N/A
A8: 1855 | B8: 451.437 | C8: 535.244 | D8: 230.934 | E8: 701.781 | F8: 913.68 | G8: 765.098 | N8: =IF(ISBLANK($B8),NA(),IFERROR(SUM($B8:$B$177),NA())) -> 1009080.7 | O8: =IF(ISBLANK($C8),NA(),IFERROR(SUM($C8:$C$177),NA())) -> 1307163.6 | P8: =IF(ISBLANK($D8),NA(),IFERROR(SUM($D8:$D$177),NA())) -> 893844.79 | Q8: =IFERROR(O8+P8,"") -> 2201008.3 | R8: =IFERROR(N8/Q8*100,NA()) -> 45.846293 | S8: =IFERROR(O8/Q8*100,NA()) -> 59.389305 | T8: =IF(ISBLANK($E8),NA(),IFERROR(SUM($E8:$E$177),NA())) -> 1172154.8 | U8: =IF(ISBLANK($F8),NA(),IFERROR(SUM($F8:$F$177),NA())) -> 1531909.1 | V8: =IF(ISBLANK($G8),NA(),IFERROR(SUM($G8:$G$177),NA())) -> 1195786.5 | W8: =IFERROR(U8+V8,"") -> 2727695.5 | X8: =IFERROR(T8/W8*100,NA()) -> 42.972347 | Y8: =IFERROR(U8/W8*100,NA()) -> 56.161293 | Z8: =IF(ISBLANK($H8),NA(),IFERROR(SUM($H8:$H$177),NA())) -> #N/A | AA8: =IF(ISBLANK($I8),NA(),IFERROR(SUM($I8:$I$177),NA())) -> #N/A | AB8: =IF(ISBLANK($J8),NA(),IFERROR(SUM($J8:$J$177),NA())) -> #N/A | AC8: =IFERROR(AA8+AB8,"") | AD8: =IFERROR(Z8/AC8*100,NA()) -> #N/A | AE8: =IFERROR(AA8/AC8*100,NA()) -> #N/A | AF8: =IF(ISBLANK($K8),NA(),IFERROR(SUM($K8:$K$177),NA())) -> #N/A | AG8: =IF(ISBLANK($L8),NA(),IFERROR(SUM($L8:$L$177),NA())) -> #N/A | AH8: =IF(ISBLANK($M8),NA(),IFERROR(SUM($M8:$M$177),NA())) -> #N/A | AI8: =IFERROR(AG8+AH8,"") | AJ8: =IFERROR(AF8/AI8*100,NA()) -> #N/A | AK8: =IFERROR(AG8/AI8*100,NA()) -> #N/A
A9: 1856 | B9: 472.505 | C9: 557.571 | D9: 231.735 | E9: 725.99 | F9: 940.886 | G9: 766.465 | N9: =IF(ISBLANK($B9),NA(),IFERROR(SUM($B9:$B$177),NA())) -> 1008629.3 | O9: =IF(ISBLANK($C9),NA(),IFERROR(SUM($C9:$C$177),NA())) -> 1306628.3 | P9: =IF(ISBLANK($D9),NA(),IFERROR(SUM($D9:$D$177),NA())) -> 893613.85 | Q9: =IFERROR(O9+P9,"") -> 2200242.2 | R9: =IFERROR(N9/Q9*100,NA()) -> 45.84174 | S9: =IFERROR(O9/Q9*100,NA()) -> 59.385659 | T9: =IF(ISBLANK($E9),NA(),IFERROR(SUM($E9:$E$177),NA())) -> 1171453 | U9: =IF(ISBLANK($F9),NA(),IFERROR(SUM($F9:$F$177),NA())) -> 1530995.4 | V9: =IF(ISBLANK($G9),NA(),IFERROR(SUM($G9:$G$177),NA())) -> 1195021.4 | W9: =IFERROR(U9+V9,"") -> 2726016.8 | X9: =IFERROR(T9/W9*100,NA()) -> 42.973067 | Y9: =IFERROR(U9/W9*100,NA()) -> 56.162362 | Z9: =IF(ISBLANK($H9),NA(),IFERROR(SUM($H9:$H$177),NA())) -> #N/A | AA9: =IF(ISBLANK($I9),NA(),IFERROR(SUM($I9:$I$177),NA())) -> #N/A | AB9: =IF(ISBLANK($J9),NA(),IFERROR(SUM($J9:$J$177),NA())) -> #N/A | AC9: =IFERROR(AA9+AB9,"") | AD9: =IFERROR(Z9/AC9*100,NA()) -> #N/A | AE9: =IFERROR(AA9/AC9*100,NA()) -> #N/A | AF9: =IF(ISBLANK($K9),NA(),IFERROR(SUM($K9:$K$177),NA())) -> #N/A | AG9: =IF(ISBLANK($L9),NA(),IFERROR(SUM($L9:$L$177),NA())) -> #N/A | AH9: =IF(ISBLANK($M9),NA(),IFERROR(SUM($M9:$M$177),NA())) -> #N/A | AI9: =IFERROR(AG9+AH9,"") | AJ9: =IFERROR(AF9/AI9*100,NA()) -> #N/A | AK9: =IFERROR(AG9/AI9*100,NA()) -> #N/A
A10: 1857 | B10: 476.111 | C10: 562.515 | D10: 232.112 | E10: 732.441 | F10: 950.099 | G10: 767.81 | N10: =IF(ISBLANK($B10),NA(),IFERROR(SUM($B10:$B$177),NA())) -> 1008156.8 | O10: =IF(ISBLANK($C10),NA(),IFERROR(SUM($C10:$C$177),NA())) -> 1306070.7 | P10: =IF(ISBLANK($D10),NA(),IFERROR(SUM($D10:$D$177),NA())) -> 893382.12 | Q10: =IFERROR(O10+P10,"") -> 2199452.9 | R10: =IFERROR(N10/Q10*100,NA()) -> 45.836708 | S10: =IFERROR(O10/Q10*100,NA()) -> 59.38162 | T10: =IF(ISBLANK($E10),NA(),IFERROR(SUM($E10:$E$177),NA())) -> 1170727 | U10: =IF(ISBLANK($F10),NA(),IFERROR(SUM($F10:$F$177),NA())) -> 1530054.5 | V10: =IF(ISBLANK($G10),NA(),IFERROR(SUM($G10:$G$177),NA())) -> 1194254.9 | W10: =IFERROR(U10+V10,"") -> 2724309.4 | X10: =IFERROR(T10/W10*100,NA()) -> 42.97335 | Y10: =IFERROR(U10/W10*100,NA()) -> 56.163022 | Z10: =IF(ISBLANK($H10),NA(),IFERROR(SUM($H10:$H$177),NA())) -> #N/A | AA10: =IF(ISBLANK($I10),NA(),IFERROR(SUM($I10:$I$177),NA())) -> #N/A | AB10: =IF(ISBLANK($J10),NA(),IFERROR(SUM($J10:$J$177),NA())) -> #N/A | AC10: =IFERROR(AA10+AB10,"") | AD10: =IFERROR(Z10/AC10*100,NA()) -> #N/A | AE10: =IFERROR(AA10/AC10*100,NA()) -> #N/A | AF10: =IF(ISBLANK($K10),NA(),IFERROR(SUM($K10:$K$177),NA())) -> #N/A | AG10: =IF(ISBLANK($L10),NA(),IFERROR(SUM($L10:$L$177),NA())) -> #N/A | AH10: =IF(ISBLANK($M10),NA(),IFERROR(SUM($M10:$M$177),NA())) -> #N/A | AI10: =IFERROR(AG10+AH10,"") | AJ10: =IFERROR(AF10/AI10*100,NA()) -> #N/A | AK10: =IFERROR(AG10/AI10*100,NA()) -> #N/A
A11: 1858 | B11: 479.735 | C11: 568.363 | D11: 232.806 | E11: 738.925 | F11: 959.834 | G11: 769.603 | N11: =IF(ISBLANK($B11),NA(),IFERROR(SUM($B11:$B$177),NA())) -> 1007680.7 | O11: =IF(ISBLANK($C11),NA(),IFERROR(SUM($C11:$C$177),NA())) -> 1305508.2 | P11: =IF(ISBLANK($D11),NA(),IFERROR(SUM($D11:$D$177),NA())) -> 893150.01 | Q11: =IFERROR(O11+P11,"") -> 2198658.2 | R11: =IFERROR(N11/Q11*100,NA()) -> 45.83162 | S11: =IFERROR(O11/Q11*100,NA()) -> 59.377497 | T11: =IF(ISBLANK($E11),NA(),IFERROR(SUM($E11:$E$177),NA())) -> 1169994.6 | U11: =IF(ISBLANK($F11),NA(),IFERROR(SUM($F11:$F$177),NA())) -> 1529104.4 | V11: =IF(ISBLANK($G11),NA(),IFERROR(SUM($G11:$G$177),NA())) -> 1193487.1 | W11: =IFERROR(U11+V11,"") -> 2722591.5 | X11: =IFERROR(T11/W11*100,NA()) -> 42.973563 | Y11: =IFERROR(U11/W11*100,NA()) -> 56.163564 | Z11: =IF(ISBLANK($H11),NA(),IFERROR(SUM($H11:$H$177),NA())) -> #N/A | AA11: =IF(ISBLANK($I11),NA(),IFERROR(SUM($I11:$I$177),NA())) -> #N/A | AB11: =IF(ISBLANK($J11),NA(),IFERROR(SUM($J11:$J$177),NA())) -> #N/A | AC11: =IFERROR(AA11+AB11,"") | AD11: =IFERROR(Z11/AC11*100,NA()) -> #N/A | AE11: =IFERROR(AA11/AC11*100,NA()) -> #N/A | AF11: =IF(ISBLANK($K11),NA(),IFERROR(SUM($K11:$K$177),NA())) -> #N/A | AG11: =IF(ISBLANK($L11),NA(),IFERROR(SUM($L11:$L$177),NA())) -> #N/A | AH11: =IF(ISBLANK($M11),NA(),IFERROR(SUM($M11:$M$177),NA())) -> #N/A | AI11: =IFERROR(AG11+AH11,"") | AJ11: =IFERROR(AF11/AI11*100,NA()) -> #N/A | AK11: =IFERROR(AG11/AI11*100,NA()) -> #N/A
A12: 1859 | B12: 501.616 | C12: 590.795 | D12: 232.95 | E12: 762.946 | F12: 985.666 | G12: 771.134 | N12: =IF(ISBLANK($B12),NA(),IFERROR(SUM($B12:$B$177),NA())) -> 1007200.9 | O12: =IF(ISBLANK($C12),NA(),IFERROR(SUM($C12:$C$177),NA())) -> 1304939.9 | P12: =IF(ISBLANK($D12),NA(),IFERROR(SUM($D12:$D$177),NA())) -> 892917.2 | Q12: =IFERROR(O12+P12,"") -> 2197857.1 | R12: =IFERROR(N12/Q12*100,NA()) -> 45.826499 | S12: =IFERROR(O12/Q12*100,NA()) -> 59.373282 | T12: =IF(ISBLANK($E12),NA(),IFERROR(SUM($E12:$E$177),NA())) -> 1169255.7 | U12: =IF(ISBLANK($F12),NA(),IFERROR(SUM($F12:$F$177),NA())) -> 1528144.6 | V12: =IF(ISBLANK($G12),NA(),IFERROR(SUM($G12:$G$177),NA())) -> 1192717.5 | W12: =IFERROR(U12+V12,"") -> 2720862.1 | X12: =IFERROR(T12/W12*100,NA()) -> 42.97372 | Y12: =IFERROR(U12/W12*100,NA()) -> 56.163985 | Z12: =IF(ISBLANK($H12),NA(),IFERROR(SUM($H12:$H$177),NA())) -> #N/A | AA12: =IF(ISBLANK($I12),NA(),IFERROR(SUM($I12:$I$177),NA())) -> #N/A | AB12: =IF(ISBLANK($J12),NA(),IFERROR(SUM($J12:$J$177),NA())) -> #N/A | AC12: =IFERROR(AA12+AB12,"") | AD12: =IFERROR(Z12/AC12*100,NA()) -> #N/A | AE12: =IFERROR(AA12/AC12*100,NA()) -> #N/A | AF12: =IF(ISBLANK($K12),NA(),IFERROR(SUM($K12:$K$177),NA())) -> #N/A | AG12: =IF(ISBLANK($L12),NA(),IFERROR(SUM($L12:$L$177),NA())) -> #N/A | AH12: =IF(ISBLANK($M12),NA(),IFERROR(SUM($M12:$M$177),NA())) -> #N/A | AI12: =IFERROR(AG12+AH12,"") | AJ12: =IFERROR(AF12/AI12*100,NA()) -> #N/A | AK12: =IFERROR(AG12/AI12*100,NA()) -> #N/A
A13: 1860 | B13: 536.458 | C13: 627.41 | D13: 233.314 | E13: 800.308 | F13: 1026.084 | G13: 772.319 | N13: =IF(ISBLANK($B13),NA(),IFERROR(SUM($B13:$B$177),NA())) -> 1006699.3 | O13: =IF(ISBLANK($C13),NA(),IFERROR(SUM($C13:$C$177),NA())) -> 1304349.1 | P13: =IF(ISBLANK($D13),NA(),IFERROR(SUM($D13:$D$177),NA())) -> 892684.25 | Q13: =IFERROR(O13+P13,"") -> 2197033.3 | R13: =IFERROR(N13/Q13*100,NA()) -> 45.820849 | S13: =IFERROR(O13/Q13*100,NA()) -> 59.368652 | T13: =IF(ISBLANK($E13),NA(),IFERROR(SUM($E13:$E$177),NA())) -> 1168492.7 | U13: =IF(ISBLANK($F13),NA(),IFERROR(SUM($F13:$F$177),NA())) -> 1527158.9 | V13: =IF(ISBLANK($G13),NA(),IFERROR(SUM($G13:$G$177),NA())) -> 1191946.4 | W13: =IFERROR(U13+V13,"") -> 2719105.3 | X13: =IFERROR(T13/W13*100,NA()) -> 42.973427 | Y13: =IFERROR(U13/W13*100,NA()) -> 56.164023 | Z13: =IF(ISBLANK($H13),NA(),IFERROR(SUM($H13:$H$177),NA())) -> #N/A | AA13: =IF(ISBLANK($I13),NA(),IFERROR(SUM($I13:$I$177),NA())) -> #N/A | AB13: =IF(ISBLANK($J13),NA(),IFERROR(SUM($J13:$J$177),NA())) -> #N/A | AC13: =IFERROR(AA13+AB13,"") | AD13: =IFERROR(Z13/AC13*100,NA()) -> #N/A | AE13: =IFERROR(AA13/AC13*100,NA()) -> #N/A | AF13: =IF(ISBLANK($K13),NA(),IFERROR(SUM($K13:$K$177),NA())) -> #N/A | AG13: =IF(ISBLANK($L13),NA(),IFERROR(SUM($L13:$L$177),NA())) -> #N/A | AH13: =IF(ISBLANK($M13),NA(),IFERROR(SUM($M13:$M$177),NA())) -> #N/A | AI13: =IFERROR(AG13+AH13,"") | AJ13: =IFERROR(AF13/AI13*100,NA()) -> #N/A | AK13: =IFERROR(AG13/AI13*100,NA()) -> #N/A
A14: 1861 | B14: 555.284 | C14: 648.157 | D14: 233.668 | E14: 822.72 | F14: 1051.491 | G14: 774.237 | N14: =IF(ISBLANK($B14),NA(),IFERROR(SUM($B14:$B$177),NA())) -> 1006162.9 | O14: =IF(ISBLANK($C14),NA(),IFERROR(SUM($C14:$C$177),NA())) -> 1303721.7 | P14: =IF(ISBLANK($D14),NA(),IFERROR(SUM($D14:$D$177),NA())) -> 892450.94 | Q14: =IFERROR(O14+P14,"") -> 2196172.6 | R14: =IFERROR(N14/Q14*100,NA()) -> 45.814381 | S14: =IFERROR(O14/Q14*100,NA()) -> 59.363352 | T14: =IF(ISBLANK($E14),NA(),IFERROR(SUM($E14:$E$177),NA())) -> 1167692.4 | U14: =IF(ISBLANK($F14),NA(),IFERROR(SUM($F14:$F$177),NA())) -> 1526132.8 | V14: =IF(ISBLANK($G14),NA(),IFERROR(SUM($G14:$G$177),NA())) -> 1191174 | W14: =IFERROR(U14+V14,"") -> 2717306.9 | X14: =IFERROR(T14/W14*100,NA()) -> 42.972416 | Y14: =IFERROR(U14/W14*100,NA()) -> 56.163433 | Z14: =IF(ISBLANK($H14),NA(),IFERROR(SUM($H14:$H$177),NA())) -> #N/A | AA14: =IF(ISBLANK($I14),NA(),IFERROR(SUM($I14:$I$177),NA())) -> #N/A | AB14: =IF(ISBLANK($J14),NA(),IFERROR(SUM($J14:$J$177),NA())) -> #N/A | AC14: =IFERROR(AA14+AB14,"") | AD14: =IFERROR(Z14/AC14*100,NA()) -> #N/A | AE14: =IFERROR(AA14/AC14*100,NA()) -> #N/A | AF14: =IF(ISBLANK($K14),NA(),IFERROR(SUM($K14:$K$177),NA())) -> #N/A | AG14: =IF(ISBLANK($L14),NA(),IFERROR(SUM($L14:$L$177),NA())) -> #N/A | AH14: =IF(ISBLANK($M14),NA(),IFERROR(SUM($M14:$M$177),NA())) -> #N/A | AI14: =IFERROR(AG14+AH14,"") | AJ14: =IFERROR(AF14/AI14*100,NA()) -> #N/A | AK14: =IFERROR(AG14/AI14*100,NA()) -> #N/A
... A122: 1969 | B122: 9806.168 | C122: 13018.927 | D122: 3925.062 | E122: 11606.642 | F122: 15640.609 | G122: 6159.526 | N122: =IF(ISBLANK($B122),NA(),IFERROR(SUM($B122:$B$177),NA())) -> 651239.13 | O122: =IF(ISBLANK($C122),NA(),IFERROR(SUM($C122:$C$177),NA())) -> 876095.72 | P122: =IF(ISBLANK($D122),NA(),IFERROR(SUM($D122:$D$177),NA())) -> 800950.01 | Q122: =IFERROR(O122+P122,"") -> 1677045.7 | R122: =IFERROR(N122/Q122*100,NA()) -> 38.832521 | S122: =IFERROR(O122/Q122*100,NA()) -> 52.240419 | T122: =IF(ISBLANK($E122),NA(),IFERROR(SUM($E122:$E$177),NA())) -> 736990.73 | U122: =IF(ISBLANK($F122),NA(),IFERROR(SUM($F122:$F$177),NA())) -> 990229.61 | V122: =IF(ISBLANK($G122),NA(),IFERROR(SUM($G122:$G$177),NA())) -> 990651.6 | W122: =IFERROR(U122+V122,"") -> 1980881.2 | X122: =IFERROR(T122/W122*100,NA()) -> 37.205196 | Y122: =IFERROR(U122/W122*100,NA()) -> 49.989349 | Z122: =IF(ISBLANK($H122),NA(),IFERROR(SUM($H122:$H$177),NA())) -> #N/A | AA122: =IF(ISBLANK($I122),NA(),IFERROR(SUM($I122:$I$177),NA())) -> #N/A | AB122: =IF(ISBLANK($J122),NA(),IFERROR(SUM($J122:$J$177),NA())) -> #N/A | AC122: =IFERROR(AA122+AB122,"") | AD122: =IFERROR(Z122/AC122*100,NA()) -> #N/A | AE122: =IFERROR(AA122/AC122*100,NA()) -> #N/A | AF122: =IF(ISBLANK($K122),NA(),IFERROR(SUM($K122:$K$177),NA())) -> #N/A | AG122: =IF(ISBLANK($L122),NA(),IFERROR(SUM($L122:$L$177),NA())) -> #N/A | AH122: =IF(ISBLANK($M122),NA(),IFERROR(SUM($M122:$M$177),NA())) -> #N/A | AI122: =IFERROR(AG122+AH122,"") | AJ122: =IFERROR(AF122/AI122*100,NA()) -> #N/A | AK122: =IFERROR(AG122/AI122*100,NA()) -> #N/A
A123: 1970 | B123: 10352.019 | C123: 13720.338 | D123: 4400.266 | E123: 12144.936 | F123: 16354.745 | G123: 6724.421 | H123: 11936.206 | I123: 15682.132 | J123: 6998.036 | N123: =IF(ISBLANK($B123),NA(),IFERROR(SUM($B123:$B$177),NA())) -> 641432.97 | O123: =IF(ISBLANK($C123),NA(),IFERROR(SUM($C123:$C$177),NA())) -> 863076.79 | P123: =IF(ISBLANK($D123),NA(),IFERROR(SUM($D123:$D$177),NA())) -> 797024.94 | Q123: =IFERROR(O123+P123,"") -> 1660101.7 | R123: =IFERROR(N123/Q123*100,NA()) -> 38.638172 | S123: =IFERROR(O123/Q123*100,NA()) -> 51.989392 | T123: =IF(ISBLANK($E123),NA(),IFERROR(SUM($E123:$E$177),NA())) -> 725384.08 | U123: =IF(ISBLANK($F123),NA(),IFERROR(SUM($F123:$F$177),NA())) -> 974589 | V123: =IF(ISBLANK($G123),NA(),IFERROR(SUM($G123:$G$177),NA())) -> 984492.07 | W123: =IFERROR(U123+V123,"") -> 1959081.1 | X123: =IFERROR(T123/W123*100,NA()) -> 37.026752 | Y123: =IFERROR(U123/W123*100,NA()) -> 49.747252 | Z123: =IF(ISBLANK($H123),NA(),IFERROR(SUM($H123:$H$177),NA())) -> 711270.06 | AA123: =IF(ISBLANK($I123),NA(),IFERROR(SUM($I123:$I$177),NA())) -> 958755.88 | AB123: =IF(ISBLANK($J123),NA(),IFERROR(SUM($J123:$J$177),NA())) -> 1020077.9 | AC123: =IFERROR(AA123+AB123,"") -> 1978833.8 | AD123: =IFERROR(Z123/AC123*100,NA()) -> 35.943901 | AE123: =IFERROR(AA123/AC123*100,NA()) -> 48.450551 | AF123: =IF(ISBLANK($K123),NA(),IFERROR(SUM($K123:$K$177),NA())) -> #N/A | AG123: =IF(ISBLANK($L123),NA(),IFERROR(SUM($L123:$L$177),NA())) -> #N/A | AH123: =IF(ISBLANK($M123),NA(),IFERROR(SUM($M123:$M$177),NA())) -> #N/A | AI123: =IFERROR(AG123+AH123,"") | AJ123: =IFERROR(AF123/AI123*100,NA()) -> #N/A | AK123: =IFERROR(AG123/AI123*100,NA()) -> #N/A
A124: 1971 | B124: 10493.988 | C124: 14029.147 | D124: 4705.308 | E124: 12286.099 | F124: 16642.457 | G124: 6970.823 | H124: 11815.459 | I124: 15605.096 | J124: 7108.741 | N124: =IF(ISBLANK($B124),NA(),IFERROR(SUM($B124:$B$177),NA())) -> 631080.95 | O124: =IF(ISBLANK($C124),NA(),IFERROR(SUM($C124:$C$177),NA())) -> 849356.45 | P124: =IF(ISBLANK($D124),NA(),IFERROR(SUM($D124:$D$177),NA())) -> 792624.68 | Q124: =IFERROR(O124+P124,"") -> 1641981.1 | R124: =IFERROR(N124/Q124*100,NA()) -> 38.434117 | S124: =IFERROR(O124/Q124*100,NA()) -> 51.72754 | T124: =IF(ISBLANK($E124),NA(),IFERROR(SUM($E124:$E$177),NA())) -> 713239.15 | U124: =IF(ISBLANK($F124),NA(),IFERROR(SUM($F124:$F$177),NA())) -> 958234.26 | V124: =IF(ISBLANK($G124),NA(),IFERROR(SUM($G124:$G$177),NA())) -> 977767.65 | W124: =IFERROR(U124+V124,"") -> 1936001.9 | X124: =IFERROR(T124/W124*100,NA()) -> 36.840829 | Y124: =IFERROR(U124/W124*100,NA()) -> 49.495522 | Z124: =IF(ISBLANK($H124),NA(),IFERROR(SUM($H124:$H$177),NA())) -> 699333.86 | AA124: =IF(ISBLANK($I124),NA(),IFERROR(SUM($I124:$I$177),NA())) -> 943073.75 | AB124: =IF(ISBLANK($J124),NA(),IFERROR(SUM($J124:$J$177),NA())) -> 1013079.9 | AC124: =IFERROR(AA124+AB124,"") -> 1956153.6 | AD124: =IFERROR(Z124/AC124*100,NA()) -> 35.750457 | AE124: =IFERROR(AA124/AC124*100,NA()) -> 48.210617 | AF124: =IF(ISBLANK($K124),NA(),IFERROR(SUM($K124:$K$177),NA())) -> #N/A | AG124: =IF(ISBLANK($L124),NA(),IFERROR(SUM($L124:$L$177),NA())) -> #N/A | AH124: =IF(ISBLANK($M124),NA(),IFERROR(SUM($M124:$M$177),NA())) -> #N/A | AI124: =IFERROR(AG124+AH124,"") | AJ124: =IFERROR(AF124/AI124*100,NA()) -> #N/A | AK124: =IFERROR(AG124/AI124*100,NA()) -> #N/A
A125: 1972 | B125: 10894.134 | C125: 14589.731 | D125: 4929.128 | E125: 12739.251 | F125: 17297.102 | G125: 7187.077 | H125: 12269.551 | I125: 16221.078 | J125: 7403.53 | N125: =IF(ISBLANK($B125),NA(),IFERROR(SUM($B125:$B$177),NA())) -> 620586.96 | O125: =IF(ISBLANK($C125),NA(),IFERROR(SUM($C125:$C$177),NA())) -> 835327.31 | P125: =IF(ISBLANK($D125),NA(),IFERROR(SUM($D125:$D$177),NA())) -> 787919.37 | Q125: =IFERROR(O125+P125,"") -> 1623246.7 | R125: =IFERROR(N125/Q125*100,NA()) -> 38.231217 | S125: =IFERROR(O125/Q125*100,NA()) -> 51.460281 | T125: =IF(ISBLANK($E125),NA(),IFERROR(SUM($E125:$E$177),NA())) -> 700953.05 | U125: =IF(ISBLANK($F125),NA(),IFERROR(SUM($F125:$F$177),NA())) -> 941591.8 | V125: =IF(ISBLANK($G125),NA(),IFERROR(SUM($G125:$G$177),NA())) -> 970796.83 | W125: =IFERROR(U125+V125,"") -> 1912388.6 | X125: =IFERROR(T125/W125*100,NA()) -> 36.653274 | Y125: =IFERROR(U125/W125*100,NA()) -> 49.236425 | Z125: =IF(ISBLANK($H125),NA(),IFERROR(SUM($H125:$H$177),NA())) -> 687518.4 | AA125: =IF(ISBLANK($I125),NA(),IFERROR(SUM($I125:$I$177),NA())) -> 927468.65 | AB125: =IF(ISBLANK($J125),NA(),IFERROR(SUM($J125:$J$177),NA())) -> 1005971.2 | AC125: =IFERROR(AA125+AB125,"") -> 1933439.8 | AD125: =IFERROR(Z125/AC125*100,NA()) -> 35.559338 | AE125: =IFERROR(AA125/AC125*100,NA()) -> 47.969875 | AF125: =IF(ISBLANK($K125),NA(),IFERROR(SUM($K125:$K$177),NA())) -> #N/A | AG125: =IF(ISBLANK($L125),NA(),IFERROR(SUM($L125:$L$177),NA())) -> #N/A | AH125: =IF(ISBLANK($M125),NA(),IFERROR(SUM($M125:$M$177),NA())) -> #N/A | AI125: =IFERROR(AG125+AH125,"") | AJ125: =IFERROR(AF125/AI125*100,NA()) -> #N/A | AK125: =IFERROR(AG125/AI125*100,NA()) -> #N/A
A126: 1973 | B126: 11351.976 | C126: 15201.677 | D126: 5292.569 | E126: 13274.075 | F126: 18017.206 | G126: 7568.917 | H126: 12828.771 | I126: 16985.102 | J126: 7831.676 | N126: =IF(ISBLANK($B126),NA(),IFERROR(SUM($B126:$B$177),NA())) -> 609692.82 | O126: =IF(ISBLANK($C126),NA(),IFERROR(SUM($C126:$C$177),NA())) -> 820737.58 | P126: =IF(ISBLANK($D126),NA(),IFERROR(SUM($D126:$D$177),NA())) -> 782990.24 | Q126: =IFERROR(O126+P126,"") -> 1603727.8 | R126: =IFERROR(N126/Q126*100,NA()) -> 38.017226 | S126: =IFERROR(O126/Q126*100,NA()) -> 51.176862 | T126: =IF(ISBLANK($E126),NA(),IFERROR(SUM($E126:$E$177),NA())) -> 688213.8 | U126: =IF(ISBLANK($F126),NA(),IFERROR(SUM($F126:$F$177),NA())) -> 924294.7 | V126: =IF(ISBLANK($G126),NA(),IFERROR(SUM($G126:$G$177),NA())) -> 963609.75 | W126: =IFERROR(U126+V126,"") -> 1887904.4 | X126: =IFERROR(T126/W126*100,NA()) -> 36.453847 | Y126: =IFERROR(U126/W126*100,NA()) -> 48.958765 | Z126: =IF(ISBLANK($H126),NA(),IFERROR(SUM($H126:$H$177),NA())) -> 675248.85 | AA126: =IF(ISBLANK($I126),NA(),IFERROR(SUM($I126:$I$177),NA())) -> 911247.58 | AB126: =IF(ISBLANK($J126),NA(),IFERROR(SUM($J126:$J$177),NA())) -> 998567.62 | AC126: =IFERROR(AA126+AB126,"") -> 1909815.2 | AD126: =IFERROR(Z126/AC126*100,NA()) -> 35.356764 | AE126: =IFERROR(AA126/AC126*100,NA()) -> 47.713914 | AF126: =IF(ISBLANK($K126),NA(),IFERROR(SUM($K126:$K$177),NA())) -> #N/A | AG126: =IF(ISBLANK($L126),NA(),IFERROR(SUM($L126:$L$177),NA())) -> #N/A | AH126: =IF(ISBLANK($M126),NA(),IFERROR(SUM($M126:$M$177),NA())) -> #N/A | AI126: =IFERROR(AG126+AH126,"") | AJ126: =IFERROR(AF126/AI126*100,NA()) -> #N/A | AK126: =IFERROR(AG126/AI126*100,NA()) -> #N/A
A127: 1974 | B127: 11065.645 | C127: 15045.9 | D127: 5398.539 | E127: 12997.178 | F127: 17857.445 | G127: 7662.747 | H127: 12553.738 | I127: 16860.289 | J127: 7991.189 | N127: =IF(ISBLANK($B127),NA(),IFERROR(SUM($B127:$B$177),NA())) -> 598340.85 | O127: =IF(ISBLANK($C127),NA(),IFERROR(SUM($C127:$C$177),NA())) -> 805535.9 | P127: =IF(ISBLANK($D127),NA(),IFERROR(SUM($D127:$D$177),NA())) -> 777697.67 | Q127: =IFERROR(O127+P127,"") -> 1583233.6 | R127: =IFERROR(N127/Q127*100,NA()) -> 37.79233 | S127: =IFERROR(O127/Q127*100,NA()) -> 50.879157 | T127: =IF(ISBLANK($E127),NA(),IFERROR(SUM($E127:$E$177),NA())) -> 674939.72 | U127: =IF(ISBLANK($F127),NA(),IFERROR(SUM($F127:$F$177),NA())) -> 906277.49 | V127: =IF(ISBLANK($G127),NA(),IFERROR(SUM($G127:$G$177),NA())) -> 956040.83 | W127: =IFERROR(U127+V127,"") -> 1862318.3 | X127: =IFERROR(T127/W127*100,NA()) -> 36.24191 | Y127: =IFERROR(U127/W127*100,NA()) -> 48.663941 | Z127: =IF(ISBLANK($H127),NA(),IFERROR(SUM($H127:$H$177),NA())) -> 662420.08 | AA127: =IF(ISBLANK($I127),NA(),IFERROR(SUM($I127:$I$177),NA())) -> 894262.47 | AB127: =IF(ISBLANK($J127),NA(),IFERROR(SUM($J127:$J$177),NA())) -> 990735.95 | AC127: =IFERROR(AA127+AB127,"") -> 1884998.4 | AD127: =IFERROR(Z127/AC127*100,NA()) -> 35.141678 | AE127: =IFERROR(AA127/AC127*100,NA()) -> 47.44102 | AF127: =IF(ISBLANK($K127),NA(),IFERROR(SUM($K127:$K$177),NA())) -> #N/A | AG127: =IF(ISBLANK($L127),NA(),IFERROR(SUM($L127:$L$177),NA())) -> #N/A | AH127: =IF(ISBLANK($M127),NA(),IFERROR(SUM($M127:$M$177),NA())) -> #N/A | AI127: =IFERROR(AG127+AH127,"") | AJ127: =IFERROR(AF127/AI127*100,NA()) -> #N/A | AK127: =IFERROR(AG127/AI127*100,NA()) -> #N/A
A128: 1975 | B128: 10668.25 | C128: 14849.101 | D128: 5634.344 | E128: 12567.922 | F128: 17635.179 | G128: 8027.605 | H128: 12109.99 | I128: 16617.985 | J128: 8286.249 | N128: =IF(ISBLANK($B128),NA(),IFERROR(SUM($B128:$B$177),NA())) -> 587275.2 | O128: =IF(ISBLANK($C128),NA(),IFERROR(SUM($C128:$C$177),NA())) -> 790490 | P128: =IF(ISBLANK($D128),NA(),IFERROR(SUM($D128:$D$177),NA())) -> 772299.13 | Q128: =IFERROR(O128+P128,"") -> 1562789.1 | R128: =IFERROR(N128/Q128*100,NA()) -> 37.578659 | S128: =IFERROR(O128/Q128*100,NA()) -> 50.582 | T128: =IF(ISBLANK($E128),NA(),IFERROR(SUM($E128:$E$177),NA())) -> 661942.55 | U128: =IF(ISBLANK($F128),NA(),IFERROR(SUM($F128:$F$177),NA())) -> 888420.05 | V128: =IF(ISBLANK($G128),NA(),IFERROR(SUM($G128:$G$177),NA())) -> 948378.09 | W128: =IFERROR(U128+V128,"") -> 1836798.1 | X128: =IFERROR(T128/W128*100,NA()) -> 36.03785 | Y128: =IFERROR(U128/W128*100,NA()) -> 48.367865 | Z128: =IF(ISBLANK($H128),NA(),IFERROR(SUM($H128:$H$177),NA())) -> 649866.34 | AA128: =IF(ISBLANK($I128),NA(),IFERROR(SUM($I128:$I$177),NA())) -> 877402.18 | AB128: =IF(ISBLANK($J128),NA(),IFERROR(SUM($J128:$J$177),NA())) -> 982744.76 | AC128: =IFERROR(AA128+AB128,"") -> 1860146.9 | AD128: =IFERROR(Z128/AC128*100,NA()) -> 34.93629 | AE128: =IFERROR(AA128/AC128*100,NA()) -> 47.168434 | AF128: =IF(ISBLANK($K128),NA(),IFERROR(SUM($K128:$K$177),NA())) -> #N/A | AG128: =IF(ISBLANK($L128),NA(),IFERROR(SUM($L128:$L$177),NA())) -> #N/A | AH128: =IF(ISBLANK($M128),NA(),IFERROR(SUM($M128:$M$177),NA())) -> #N/A | AI128: =IFERROR(AG128+AH128,"") | AJ128: =IFERROR(AF128/AI128*100,NA()) -> #N/A | AK128: =IFERROR(AG128/AI128*100,NA()) -> #N/A
A129: 1976 | B129: 11153.432 | C129: 15510.22 | D129: 5932.557 | E129: 13130.168 | F129: 18392.126 | G129: 8313.81 | H129: 12695.356 | I129: 17371.934 | J129: 8660.654 | N129: =IF(ISBLANK($B129),NA(),IFERROR(SUM($B129:$B$177),NA())) -> 576606.95 | O129: =IF(ISBLANK($C129),NA(),IFERROR(SUM($C129:$C$177),NA())) -> 775640.9 | P129: =IF(ISBLANK($D129),NA(),IFERROR(SUM($D129:$D$177),NA())) -> 766664.79 | Q129: =IFERROR(O129+P129,"") -> 1542305.7 | R129: =IFERROR(N129/Q129*100,NA()) -> 37.386036 | S129: =IFERROR(O129/Q129*100,NA()) -> 50.290996 | T129: =IF(ISBLANK($E129),NA(),IFERROR(SUM($E129:$E$177),NA())) -> 649374.62 | U129: =IF(ISBLANK($F129),NA(),IFERROR(SUM($F129:$F$177),NA())) -> 870784.87 | V129: =IF(ISBLANK($G129),NA(),IFERROR(SUM($G129:$G$177),NA())) -> 940350.48 | W129: =IFERROR(U129+V129,"") -> 1811135.3 | X129: =IFERROR(T129/W129*100,NA()) -> 35.854561 | Y129: =IFERROR(U129/W129*100,NA()) -> 48.079503 | Z129: =IF(ISBLANK($H129),NA(),IFERROR(SUM($H129:$H$177),NA())) -> 637756.35 | AA129: =IF(ISBLANK($I129),NA(),IFERROR(SUM($I129:$I$177),NA())) -> 860784.2 | AB129: =IF(ISBLANK($J129),NA(),IFERROR(SUM($J129:$J$177),NA())) -> 974458.51 | AC129: =IFERROR(AA129+AB129,"") -> 1835242.7 | AD129: =IFERROR(Z129/AC129*100,NA()) -> 34.750518 | AE129: =IFERROR(AA129/AC129*100,NA()) -> 46.903017 | AF129: =IF(ISBLANK($K129),NA(),IFERROR(SUM($K129:$K$177),NA())) -> #N/A | AG129: =IF(ISBLANK($L129),NA(),IFERROR(SUM($L129:$L$177),NA())) -> #N/A | AH129: =IF(ISBLANK($M129),NA(),IFERROR(SUM($M129:$M$177),NA())) -> #N/A | AI129: =IFERROR(AG129+AH129,"") | AJ129: =IFERROR(AF129/AI129*100,NA()) -> #N/A | AK129: =IFERROR(AG129/AI129*100,NA()) -> #N/A
A130: 1977 | B130: 11257.169 | C130: 15761.662 | D130: 6239.649 | E130: 13200.678 | F130: 18608.023 | G130: 8669.339 | H130: 12854.841 | I130: 17657.766 | J130: 9045.277 | N130: =IF(ISBLANK($B130),NA(),IFERROR(SUM($B130:$B$177),NA())) -> 565453.52 | O130: =IF(ISBLANK($C130),NA(),IFERROR(SUM($C130:$C$177),NA())) -> 760130.68 | P130: =IF(ISBLANK($D130),NA(),IFERROR(SUM($D130:$D$177),NA())) -> 760732.23 | Q130: =IFERROR(O130+P130,"") -> 1520862.9 | R130: =IFERROR(N130/Q130*100,NA()) -> 37.179782 | S130: =IFERROR(O130/Q130*100,NA()) -> 49.980223 | T130: =IF(ISBLANK($E130),NA(),IFERROR(SUM($E130:$E$177),NA())) -> 636244.46 | U130: =IF(ISBLANK($F130),NA(),IFERROR(SUM($F130:$F$177),NA())) -> 852392.74 | V130: =IF(ISBLANK($G130),NA(),IFERROR(SUM($G130:$G$177),NA())) -> 932036.67 | W130: =IFERROR(U130+V130,"") -> 1784429.4 | X130: =IFERROR(T130/W130*100,NA()) -> 35.655345 | Y130: =IFERROR(U130/W130*100,NA()) -> 47.768364 | Z130: =IF(ISBLANK($H130),NA(),IFERROR(SUM($H130:$H$177),NA())) -> 625060.99 | AA130: =IF(ISBLANK($I130),NA(),IFERROR(SUM($I130:$I$177),NA())) -> 843412.27 | AB130: =IF(ISBLANK($J130),NA(),IFERROR(SUM($J130:$J$177),NA())) -> 965797.85 | AC130: =IFERROR(AA130+AB130,"") -> 1809210.1 | AD130: =IFERROR(Z130/AC130*100,NA()) -> 34.548834 | AE130: =IFERROR(AA130/AC130*100,NA()) -> 46.617707 | AF130: =IF(ISBLANK($K130),NA(),IFERROR(SUM($K130:$K$177),NA())) -> #N/A | AG130: =IF(ISBLANK($L130),NA(),IFERROR(SUM($L130:$L$177),NA())) -> #N/A | AH130: =IF(ISBLANK($M130),NA(),IFERROR(SUM($M130:$M$177),NA())) -> #N/A | AI130: =IFERROR(AG130+AH130,"") | AJ130: =IFERROR(AF130/AI130*100,NA()) -> #N/A | AK130: =IFERROR(AG130/AI130*100,NA()) -> #N/A
A131: 1978 | B131: 11475.918 | C131: 16133.583 | D131: 6585.754 | E131: 13448.47 | F131: 19025.561 | G131: 9039.843 | H131: 12932.419 | I131: 17994.053 | J131: 9424.752 | N131: =IF(ISBLANK($B131),NA(),IFERROR(SUM($B131:$B$177),NA())) -> 554196.35 | O131: =IF(ISBLANK($C131),NA(),IFERROR(SUM($C131:$C$177),NA())) -> 744369.02 | P131: =IF(ISBLANK($D131),NA(),IFERROR(SUM($D131:$D$177),NA())) -> 754492.58 | Q131: =IFERROR(O131+P131,"") -> 1498861.6 | R131: =IFERROR(N131/Q131*100,NA()) -> 36.974485 | S131: =IFERROR(O131/Q131*100,NA()) -> 49.662291 | T131: =IF(ISBLANK($E131),NA(),IFERROR(SUM($E131:$E$177),NA())) -> 623043.78 | U131: =IF(ISBLANK($F131),NA(),IFERROR(SUM($F131:$F$177),NA())) -> 833784.72 | V131: =IF(ISBLANK($G131),NA(),IFERROR(SUM($G131:$G$177),NA())) -> 923367.33 | W131: =IFERROR(U131+V131,"") -> 1757152 | X131: =IFERROR(T131/W131*100,NA()) -> 35.457591 | Y131: =IFERROR(U131/W131*100,NA()) -> 47.450915 | Z131: =IF(ISBLANK($H131),NA(),IFERROR(SUM($H131:$H$177),NA())) -> 612206.15 | AA131: =IF(ISBLANK($I131),NA(),IFERROR(SUM($I131:$I$177),NA())) -> 825754.5 | AB131: =IF(ISBLANK($J131),NA(),IFERROR(SUM($J131:$J$177),NA())) -> 956752.58 | AC131: =IFERROR(AA131+AB131,"") -> 1782507.1 | AD131: =IFERROR(Z131/AC131*100,NA()) -> 34.34523 | AE131: =IFERROR(AA131/AC131*100,NA()) -> 46.325454 | AF131: =IF(ISBLANK($K131),NA(),IFERROR(SUM($K131:$K$177),NA())) -> #N/A | AG131: =IF(ISBLANK($L131),NA(),IFERROR(SUM($L131:$L$177),NA())) -> #N/A | AH131: =IF(ISBLANK($M131),NA(),IFERROR(SUM($M131:$M$177),NA())) -> #N/A | AI131: =IFERROR(AG131+AH131,"") | AJ131: =IFERROR(AF131/AI131*100,NA()) -> #N/A | AK131: =IFERROR(AG131/AI131*100,NA()) -> #N/A
A132: 1979 | B132: 11743.637 | C132: 16437.35 | D132: 6882.277 | E132: 13756.335 | F132: 19385.358 | G132: 9406.889 | H132: 13215.229 | I132: 18351.504 | J132: 9764.5 | N132: =IF(ISBLANK($B132),NA(),IFERROR(SUM($B132:$B$177),NA())) -> 542720.43 | O132: =IF(ISBLANK($C132),NA(),IFERROR(SUM($C132:$C$177),NA())) -> 728235.43 | P132: =IF(ISBLANK($D132),NA(),IFERROR(SUM($D132:$D$177),NA())) -> 747906.83 | Q132: =IFERROR(O132+P132,"") -> 1476142.3 | R132: =IFERROR(N132/Q132*100,NA()) -> 36.766134 | S132: =IFERROR(O132/Q132*100,NA()) -> 49.333689 | T132: =IF(ISBLANK($E132),NA(),IFERROR(SUM($E132:$E$177),NA())) -> 609595.31 | U132: =IF(ISBLANK($F132),NA(),IFERROR(SUM($F132:$F$177),NA())) -> 814759.16 | V132: =IF(ISBLANK($G132),NA(),IFERROR(SUM($G132:$G$177),NA())) -> 914327.49 | W132: =IFERROR(U132+V132,"") -> 1729086.6 | X132: =IFERROR(T132/W132*100,NA()) -> 35.255336 | Y132: =IFERROR(U132/W132*100,NA()) -> 47.120782 | Z132: =IF(ISBLANK($H132),NA(),IFERROR(SUM($H132:$H$177),NA())) -> 599273.73 | AA132: =IF(ISBLANK($I132),NA(),IFERROR(SUM($I132:$I$177),NA())) -> 807760.45 | AB132: =IF(ISBLANK($J132),NA(),IFERROR(SUM($J132:$J$177),NA())) -> 947327.82 | AC132: =IFERROR(AA132+AB132,"") -> 1755088.3 | AD132: =IFERROR(Z132/AC132*100,NA()) -> 34.144934 | AE132: =IFERROR(AA132/AC132*100,NA()) -> 46.023921 | AF132: =IF(ISBLANK($K132),NA(),IFERROR(SUM($K132:$K$177),NA())) -> #N/A | AG132: =IF(ISBLANK($L132),NA(),IFERROR(SUM($L132:$L$177),NA())) -> #N/A | AH132: =IF(ISBLANK($M132),NA(),IFERROR(SUM($M132:$M$177),NA())) -> #N/A | AI132: =IFERROR(AG132+AH132,"") | AJ132: =IFERROR(AF132/AI132*100,NA()) -> #N/A | AK132: =IFERROR(AG132/AI132*100,NA()) -> #N/A
A133: 1980 | B133: 11421.004 | C133: 16249.745 | D133: 6874.362 | E133: 13384.493 | F133: 19154.857 | G133: 9472.928 | H133: 12814.18 | I133: 18049.305 | J133: 9803.482 | N133: =IF(ISBLANK($B133),NA(),IFERROR(SUM($B133:$B$177),NA())) -> 530976.8 | O133: =IF(ISBLANK($C133),NA(),IFERROR(SUM($C133:$C$177),NA())) -> 711798.08 | P133: =IF(ISBLANK($D133),NA(),IFERROR(SUM($D133:$D$177),NA())) -> 741024.55 | Q133: =IFERROR(O133+P133,"") -> 1452822.6 | R133: =IFERROR(N133/Q133*100,NA()) -> 36.547944 | S133: =IFERROR(O133/Q133*100,NA()) -> 48.994149 | T133: =IF(ISBLANK($E133),NA(),IFERROR(SUM($E133:$E$177),NA())) -> 595838.97 | U133: =IF(ISBLANK($F133),NA(),IFERROR(SUM($F133:$F$177),NA())) -> 795373.8 | V133: =IF(ISBLANK($G133),NA(),IFERROR(SUM($G133:$G$177),NA())) -> 904920.6 | W133: =IFERROR(U133+V133,"") -> 1700294.4 | X133: =IFERROR(T133/W133*100,NA()) -> 35.043283 | Y133: =IFERROR(U133/W133*100,NA()) -> 46.778593 | Z133: =IF(ISBLANK($H133),NA(),IFERROR(SUM($H133:$H$177),NA())) -> 586058.5 | AA133: =IF(ISBLANK($I133),NA(),IFERROR(SUM($I133:$I$177),NA())) -> 789408.94 | AB133: =IF(ISBLANK($J133),NA(),IFERROR(SUM($J133:$J$177),NA())) -> 937563.32 | AC133: =IFERROR(AA133+AB133,"") -> 1726972.3 | AD133: =IFERROR(Z133/AC133*100,NA()) -> 33.935606 | AE133: =IFERROR(AA133/AC133*100,NA()) -> 45.710574 | AF133: =IF(ISBLANK($K133),NA(),IFERROR(SUM($K133:$K$177),NA())) -> #N/A | AG133: =IF(ISBLANK($L133),NA(),IFERROR(SUM($L133:$L$177),NA())) -> #N/A | AH133: =IF(ISBLANK($M133),NA(),IFERROR(SUM($M133:$M$177),NA())) -> #N/A | AI133: =IFERROR(AG133+AH133,"") | AJ133: =IFERROR(AF133/AI133*100,NA()) -> #N/A | AK133: =IFERROR(AG133/AI133*100,NA()) -> #N/A
A134: 1981 | B134: 11008.27 | C134: 15717.598 | D134: 6746.115 | E134: 12978.811 | F134: 18634.061 | G134: 9413.678 | H134: 12525.641 | I134: 17689.197 | J134: 9689.776 | N134: =IF(ISBLANK($B134),NA(),IFERROR(SUM($B134:$B$177),NA())) -> 519555.79 | O134: =IF(ISBLANK($C134),NA(),IFERROR(SUM($C134:$C$177),NA())) -> 695548.34 | P134: =IF(ISBLANK($D134),NA(),IFERROR(SUM($D134:$D$177),NA())) -> 734150.19 | Q134: =IFERROR(O134+P134,"") -> 1429698.5 | R134: =IFERROR(N134/Q134*100,NA()) -> 36.340234 | S134: =IFERROR(O134/Q134*100,NA()) -> 48.65 | T134: =IF(ISBLANK($E134),NA(),IFERROR(SUM($E134:$E$177),NA())) -> 582454.48 | U134: =IF(ISBLANK($F134),NA(),IFERROR(SUM($F134:$F$177),NA())) -> 776218.94 | V134: =IF(ISBLANK($G134),NA(),IFERROR(SUM($G134:$G$177),NA())) -> 895447.67 | W134: =IFERROR(U134+V134,"") -> 1671666.6 | X134: =IFERROR(T134/W134*100,NA()) -> 34.842742 | Y134: =IFERROR(U134/W134*100,NA()) -> 46.433836 | Z134: =IF(ISBLANK($H134),NA(),IFERROR(SUM($H134:$H$177),NA())) -> 573244.32 | AA134: =IF(ISBLANK($I134),NA(),IFERROR(SUM($I134:$I$177),NA())) -> 771359.64 | AB134: =IF(ISBLANK($J134),NA(),IFERROR(SUM($J134:$J$177),NA())) -> 927759.84 | AC134: =IFERROR(AA134+AB134,"") -> 1699119.5 | AD134: =IFERROR(Z134/AC134*100,NA()) -> 33.737729 | AE134: =IFERROR(AA134/AC134*100,NA()) -> 45.39761 | AF134: =IF(ISBLANK($K134),NA(),IFERROR(SUM($K134:$K$177),NA())) -> #N/A | AG134: =IF(ISBLANK($L134),NA(),IFERROR(SUM($L134:$L$177),NA())) -> #N/A | AH134: =IF(ISBLANK($M134),NA(),IFERROR(SUM($M134:$M$177),NA())) -> #N/A | AI134: =IFERROR(AG134+AH134,"") | AJ134: =IFERROR(AF134/AI134*100,NA()) -> #N/A | AK134: =IFERROR(AG134/AI134*100,NA()) -> #N/A
... A142: 1989 | B142: 11531.85 | C142: 16695.624 | D142: 9459.592 | E142: 13437.741 | F142: 19605.875 | G142: 12385.934 | H142: 13034.78 | I142: 18724.88 | J142: 12540.932 | N142: =IF(ISBLANK($B142),NA(),IFERROR(SUM($B142:$B$177),NA())) -> 432742.96 | O142: =IF(ISBLANK($C142),NA(),IFERROR(SUM($C142:$C$177),NA())) -> 568542.58 | P142: =IF(ISBLANK($D142),NA(),IFERROR(SUM($D142:$D$177),NA())) -> 671524.38 | Q142: =IFERROR(O142+P142,"") -> 1240067 | R142: =IFERROR(N142/Q142*100,NA()) -> 34.896741 | S142: =IFERROR(O142/Q142*100,NA()) -> 45.847732 | T142: =IF(ISBLANK($E142),NA(),IFERROR(SUM($E142:$E$177),NA())) -> 480410.06 | U142: =IF(ISBLANK($F142),NA(),IFERROR(SUM($F142:$F$177),NA())) -> 626193.43 | V142: =IF(ISBLANK($G142),NA(),IFERROR(SUM($G142:$G$177),NA())) -> 810826.57 | W142: =IFERROR(U142+V142,"") -> 1437020 | X142: =IFERROR(T142/W142*100,NA()) -> 33.430993 | Y142: =IFERROR(U142/W142*100,NA()) -> 43.575832 | Z142: =IF(ISBLANK($H142),NA(),IFERROR(SUM($H142:$H$177),NA())) -> 474193.14 | AA142: =IF(ISBLANK($I142),NA(),IFERROR(SUM($I142:$I$177),NA())) -> 628851.98 | AB142: =IF(ISBLANK($J142),NA(),IFERROR(SUM($J142:$J$177),NA())) -> 841709.62 | AC142: =IFERROR(AA142+AB142,"") -> 1470561.6 | AD142: =IFERROR(Z142/AC142*100,NA()) -> 32.245717 | AE142: =IFERROR(AA142/AC142*100,NA()) -> 42.762709 | AF142: =IF(ISBLANK($K142),NA(),IFERROR(SUM($K142:$K$177),NA())) -> #N/A | AG142: =IF(ISBLANK($L142),NA(),IFERROR(SUM($L142:$L$177),NA())) -> #N/A | AH142: =IF(ISBLANK($M142),NA(),IFERROR(SUM($M142:$M$177),NA())) -> #N/A | AI142: =IFERROR(AG142+AH142,"") | AJ142: =IFERROR(AF142/AI142*100,NA()) -> #N/A | AK142: =IFERROR(AG142/AI142*100,NA()) -> #N/A
A143: 1990 | B143: 11974.952 | C143: 17191.796 | D143: 9463.708 | E143: 13368.744 | F143: 19234.575 | G143: 12387.395 | H143: 12982.495 | I143: 18796.327 | J143: 12793.96 | K143: 12383.45 | L143: 18062.474 | M143: 12602.034 | N143: =IF(ISBLANK($B143),NA(),IFERROR(SUM($B143:$B$177),NA())) -> 421211.11 | O143: =IF(ISBLANK($C143),NA(),IFERROR(SUM($C143:$C$177),NA())) -> 551846.96 | P143: =IF(ISBLANK($D143),NA(),IFERROR(SUM($D143:$D$177),NA())) -> 662064.79 | Q143: =IFERROR(O143+P143,"") -> 1213911.7 | R143: =IFERROR(N143/Q143*100,NA()) -> 34.69866 | S143: =IFERROR(O143/Q143*100,NA()) -> 45.46022 | T143: =IF(ISBLANK($E143),NA(),IFERROR(SUM($E143:$E$177),NA())) -> 466972.32 | U143: =IF(ISBLANK($F143),NA(),IFERROR(SUM($F143:$F$177),NA())) -> 606587.55 | V143: =IF(ISBLANK($G143),NA(),IFERROR(SUM($G143:$G$177),NA())) -> 798440.64 | W143: =IFERROR(U143+V143,"") -> 1405028.2 | X143: =IFERROR(T143/W143*100,NA()) -> 33.235797 | Y143: =IFERROR(U143/W143*100,NA()) -> 43.172625 | Z143: =IF(ISBLANK($H143),NA(),IFERROR(SUM($H143:$H$177),NA())) -> 461158.36 | AA143: =IF(ISBLANK($I143),NA(),IFERROR(SUM($I143:$I$177),NA())) -> 610127.1 | AB143: =IF(ISBLANK($J143),NA(),IFERROR(SUM($J143:$J$177),NA())) -> 829168.69 | AC143: =IFERROR(AA143+AB143,"") -> 1439295.8 | AD143: =IFERROR(Z143/AC143*100,NA()) -> 32.040555 | AE143: =IFERROR(AA143/AC143*100,NA()) -> 42.390668 | AF143: =IF(ISBLANK($K143),NA(),IFERROR(SUM($K143:$K$177),NA())) -> 432006.38 | AG143: =IF(ISBLANK($L143),NA(),IFERROR(SUM($L143:$L$177),NA())) -> 572253.56 | AH143: =IF(ISBLANK($M143),NA(),IFERROR(SUM($M143:$M$177),NA())) -> 764182.06 | AI143: =IFERROR(AG143+AH143,"") -> 1336435.6 | AJ143: =IFERROR(AF143/AI143*100,NA()) -> 32.325267 | AK143: =IFERROR(AG143/AI143*100,NA()) -> 42.819388
A144: 1991 | B144: 11958.915 | C144: 16845.831 | D144: 10244.694 | E144: 13340.249 | F144: 18845.69 | G144: 12998.885 | H144: 12988.147 | I144: 18544.928 | J144: 13110.152 | K144: 12391.942 | L144: 17840.617 | M144: 12947.096 | N144: =IF(ISBLANK($B144),NA(),IFERROR(SUM($B144:$B$177),NA())) -> 409236.16 | O144: =IF(ISBLANK($C144),NA(),IFERROR(SUM($C144:$C$177),NA())) -> 534655.16 | P144: =IF(ISBLANK($D144),NA(),IFERROR(SUM($D144:$D$177),NA())) -> 652601.08 | Q144: =IFERROR(O144+P144,"") -> 1187256.2 | R144: =IFERROR(N144/Q144*100,NA()) -> 34.469068 | S144: =IFERROR(O144/Q144*100,NA()) -> 45.032836 | T144: =IF(ISBLANK($E144),NA(),IFERROR(SUM($E144:$E$177),NA())) -> 453603.57 | U144: =IF(ISBLANK($F144),NA(),IFERROR(SUM($F144:$F$177),NA())) -> 587352.98 | V144: =IF(ISBLANK($G144),NA(),IFERROR(SUM($G144:$G$177),NA())) -> 786053.24 | W144: =IFERROR(U144+V144,"") -> 1373406.2 | X144: =IFERROR(T144/W144*100,NA()) -> 33.027633 | Y144: =IFERROR(U144/W144*100,NA()) -> 42.766151 | Z144: =IF(ISBLANK($H144),NA(),IFERROR(SUM($H144:$H$177),NA())) -> 448175.86 | AA144: =IF(ISBLANK($I144),NA(),IFERROR(SUM($I144:$I$177),NA())) -> 591330.77 | AB144: =IF(ISBLANK($J144),NA(),IFERROR(SUM($J144:$J$177),NA())) -> 816374.73 | AC144: =IFERROR(AA144+AB144,"") -> 1407705.5 | AD144: =IFERROR(Z144/AC144*100,NA()) -> 31.837331 | AE144: =IFERROR(AA144/AC144*100,NA()) -> 42.00671 | AF144: =IF(ISBLANK($K144),NA(),IFERROR(SUM($K144:$K$177),NA())) -> 419622.93 | AG144: =IF(ISBLANK($L144),NA(),IFERROR(SUM($L144:$L$177),NA())) -> 554191.08 | AH144: =IF(ISBLANK($M144),NA(),IFERROR(SUM($M144:$M$177),NA())) -> 751580.02 | AI144: =IFERROR(AG144+AH144,"") -> 1305771.1 | AJ144: =IFERROR(AF144/AI144*100,NA()) -> 32.136025 | AK144: =IFERROR(AG144/AI144*100,NA()) -> 42.441671
A145: 1992 | B145: 12019.986 | C145: 16314.093 | D145: 10110.023 | E145: 13391.88 | F145: 18262.716 | G145: 12980.675 | H145: 13014.019 | I145: 18146.161 | J145: 13430.862 | K145: 12426.583 | L145: 17429.542 | M145: 13255.211 | N145: =IF(ISBLANK($B145),NA(),IFERROR(SUM($B145:$B$177),NA())) -> 397277.24 | O145: =IF(ISBLANK($C145),NA(),IFERROR(SUM($C145:$C$177),NA())) -> 517809.33 | P145: =IF(ISBLANK($D145),NA(),IFERROR(SUM($D145:$D$177),NA())) -> 642356.39 | Q145: =IFERROR(O145+P145,"") -> 1160165.7 | R145: =IFERROR(N145/Q145*100,NA()) -> 34.243146 | S145: =IFERROR(O145/Q145*100,NA()) -> 44.632359 | T145: =IF(ISBLANK($E145),NA(),IFERROR(SUM($E145:$E$177),NA())) -> 440263.32 | U145: =IF(ISBLANK($F145),NA(),IFERROR(SUM($F145:$F$177),NA())) -> 568507.29 | V145: =IF(ISBLANK($G145),NA(),IFERROR(SUM($G145:$G$177),NA())) -> 773054.36 | W145: =IFERROR(U145+V145,"") -> 1341561.6 | X145: =IFERROR(T145/W145*100,NA()) -> 32.817226 | Y145: =IFERROR(U145/W145*100,NA()) -> 42.376531 | Z145: =IF(ISBLANK($H145),NA(),IFERROR(SUM($H145:$H$177),NA())) -> 435187.71 | AA145: =IF(ISBLANK($I145),NA(),IFERROR(SUM($I145:$I$177),NA())) -> 572785.84 | AB145: =IF(ISBLANK($J145),NA(),IFERROR(SUM($J145:$J$177),NA())) -> 803264.58 | AC145: =IFERROR(AA145+AB145,"") -> 1376050.4 | AD145: =IFERROR(Z145/AC145*100,NA()) -> 31.625855 | AE145: =IFERROR(AA145/AC145*100,NA()) -> 41.625353 | AF145: =IF(ISBLANK($K145),NA(),IFERROR(SUM($K145:$K$177),NA())) -> 407230.99 | AG145: =IF(ISBLANK($L145),NA(),IFERROR(SUM($L145:$L$177),NA())) -> 536350.47 | AH145: =IF(ISBLANK($M145),NA(),IFERROR(SUM($M145:$M$177),NA())) -> 738632.93 | AI145: =IFERROR(AG145+AH145,"") -> 1274983.4 | AJ145: =IFERROR(AF145/AI145*100,NA()) -> 31.940102 | AK145: =IFERROR(AG145/AI145*100,NA()) -> 42.067251
A146: 1993 | B146: 12052.668 | C146: 16109.819 | D146: 10547.612 | E146: 13437.762 | F146: 18043.395 | G146: 13371.601 | H146: 13070.646 | I146: 17831.395 | J146: 13833.176 | K146: 12470.612 | L146: 17143.428 | M146: 13717.211 | N146: =IF(ISBLANK($B146),NA(),IFERROR(SUM($B146:$B$177),NA())) -> 385257.26 | O146: =IF(ISBLANK($C146),NA(),IFERROR(SUM($C146:$C$177),NA())) -> 501495.24 | P146: =IF(ISBLANK($D146),NA(),IFERROR(SUM($D146:$D$177),NA())) -> 632246.37 | Q146: =IFERROR(O146+P146,"") -> 1133741.6 | R146: =IFERROR(N146/Q146*100,NA()) -> 33.981046 | S146: =IFERROR(O146/Q146*100,NA()) -> 44.233645 | T146: =IF(ISBLANK($E146),NA(),IFERROR(SUM($E146:$E$177),NA())) -> 426871.44 | U146: =IF(ISBLANK($F146),NA(),IFERROR(SUM($F146:$F$177),NA())) -> 550244.57 | V146: =IF(ISBLANK($G146),NA(),IFERROR(SUM($G146:$G$177),NA())) -> 760073.68 | W146: =IFERROR(U146+V146,"") -> 1310318.3 | X146: =IFERROR(T146/W146*100,NA()) -> 32.577692 | Y146: =IFERROR(U146/W146*100,NA()) -> 41.9932 | Z146: =IF(ISBLANK($H146),NA(),IFERROR(SUM($H146:$H$177),NA())) -> 422173.69 | AA146: =IF(ISBLANK($I146),NA(),IFERROR(SUM($I146:$I$177),NA())) -> 554639.68 | AB146: =IF(ISBLANK($J146),NA(),IFERROR(SUM($J146:$J$177),NA())) -> 789833.71 | AC146: =IFERROR(AA146+AB146,"") -> 1344473.4 | AD146: =IFERROR(Z146/AC146*100,NA()) -> 31.400673 | AE146: =IFERROR(AA146/AC146*100,NA()) -> 41.253303 | AF146: =IF(ISBLANK($K146),NA(),IFERROR(SUM($K146:$K$177),NA())) -> 394804.41 | AG146: =IF(ISBLANK($L146),NA(),IFERROR(SUM($L146:$L$177),NA())) -> 518920.92 | AH146: =IF(ISBLANK($M146),NA(),IFERROR(SUM($M146:$M$177),NA())) -> 725377.72 | AI146: =IFERROR(AG146+AH146,"") -> 1244298.6 | AJ146: =IFERROR(AF146/AI146*100,NA()) -> 31.729072 | AK146: =IFERROR(AG146/AI146*100,NA()) -> 41.703889
A147: 1994 | B147: 12213.09 | C147: 15887.724 | D147: 11026.964 | E147: 13610.468 | F147: 17798.919 | G147: 13774.496 | H147: 13282.33 | I147: 17644.443 | J147: 14351.305 | K147: 12670.307 | L147: 16960.739 | M147: 14141.028 | N147: =IF(ISBLANK($B147),NA(),IFERROR(SUM($B147:$B$177),NA())) -> 373204.59 | O147: =IF(ISBLANK($C147),NA(),IFERROR(SUM($C147:$C$177),NA())) -> 485385.42 | P147: =IF(ISBLANK($D147),NA(),IFERROR(SUM($D147:$D$177),NA())) -> 621698.75 | Q147: =IFERROR(O147+P147,"") -> 1107084.2 | R147: =IFERROR(N147/Q147*100,NA()) -> 33.710588 | S147: =IFERROR(O147/Q147*100,NA()) -> 43.843587 | T147: =IF(ISBLANK($E147),NA(),IFERROR(SUM($E147:$E$177),NA())) -> 413433.68 | U147: =IF(ISBLANK($F147),NA(),IFERROR(SUM($F147:$F$177),NA())) -> 532201.18 | V147: =IF(ISBLANK($G147),NA(),IFERROR(SUM($G147:$G$177),NA())) -> 746702.08 | W147: =IFERROR(U147+V147,"") -> 1278903.3 | X147: =IFERROR(T147/W147*100,NA()) -> 32.327205 | Y147: =IFERROR(U147/W147*100,NA()) -> 41.613873 | Z147: =IF(ISBLANK($H147),NA(),IFERROR(SUM($H147:$H$177),NA())) -> 409103.05 | AA147: =IF(ISBLANK($I147),NA(),IFERROR(SUM($I147:$I$177),NA())) -> 536808.29 | AB147: =IF(ISBLANK($J147),NA(),IFERROR(SUM($J147:$J$177),NA())) -> 776000.54 | AC147: =IFERROR(AA147+AB147,"") -> 1312808.8 | AD147: =IFERROR(Z147/AC147*100,NA()) -> 31.162424 | AE147: =IFERROR(AA147/AC147*100,NA()) -> 40.890058 | AF147: =IF(ISBLANK($K147),NA(),IFERROR(SUM($K147:$K$177),NA())) -> 382333.8 | AG147: =IF(ISBLANK($L147),NA(),IFERROR(SUM($L147:$L$177),NA())) -> 501777.5 | AH147: =IF(ISBLANK($M147),NA(),IFERROR(SUM($M147:$M$177),NA())) -> 711660.51 | AI147: =IFERROR(AG147+AH147,"") -> 1213438 | AJ147: =IFERROR(AF147/AI147*100,NA()) -> 31.508309 | AK147: =IFERROR(AG147/AI147*100,NA()) -> 41.351721
A148: 1995 | B148: 12340.436 | C148: 15970.284 | D148: 11547.357 | E148: 13777.983 | F148: 17879.937 | G148: 14421.959 | H148: 13442.631 | I148: 17726.979 | J148: 15066.696 | K148: 12826.186 | L148: 17014.782 | M148: 14844.401 | N148: =IF(ISBLANK($B148),NA(),IFERROR(SUM($B148:$B$177),NA())) -> 360991.5 | O148: =IF(ISBLANK($C148),NA(),IFERROR(SUM($C148:$C$177),NA())) -> 469497.69 | P148: =IF(ISBLANK($D148),NA(),IFERROR(SUM($D148:$D$177),NA())) -> 610671.79 | Q148: =IFERROR(O148+P148,"") -> 1080169.5 | R148: =IFERROR(N148/Q148*100,NA()) -> 33.419894 | S148: =IFERROR(O148/Q148*100,NA()) -> 43.465188 | T148: =IF(ISBLANK($E148),NA(),IFERROR(SUM($E148:$E$177),NA())) -> 399823.21 | U148: =IF(ISBLANK($F148),NA(),IFERROR(SUM($F148:$F$177),NA())) -> 514402.26 | V148: =IF(ISBLANK($G148),NA(),IFERROR(SUM($G148:$G$177),NA())) -> 732927.59 | W148: =IFERROR(U148+V148,"") -> 1247329.8 | X148: =IFERROR(T148/W148*100,NA()) -> 32.054329 | Y148: =IFERROR(U148/W148*100,NA()) -> 41.240275 | Z148: =IF(ISBLANK($H148),NA(),IFERROR(SUM($H148:$H$177),NA())) -> 395820.72 | AA148: =IF(ISBLANK($I148),NA(),IFERROR(SUM($I148:$I$177),NA())) -> 519163.84 | AB148: =IF(ISBLANK($J148),NA(),IFERROR(SUM($J148:$J$177),NA())) -> 761649.23 | AC148: =IFERROR(AA148+AB148,"") -> 1280813.1 | AD148: =IFERROR(Z148/AC148*100,NA()) -> 30.903863 | AE148: =IFERROR(AA148/AC148*100,NA()) -> 40.533927 | AF148: =IF(ISBLANK($K148),NA(),IFERROR(SUM($K148:$K$177),NA())) -> 369663.49 | AG148: =IF(ISBLANK($L148),NA(),IFERROR(SUM($L148:$L$177),NA())) -> 484816.76 | AH148: =IF(ISBLANK($M148),NA(),IFERROR(SUM($M148:$M$177),NA())) -> 697519.48 | AI148: =IFERROR(AG148+AH148,"") -> 1182336.2 | AJ148: =IFERROR(AF148/AI148*100,NA()) -> 31.265513 | AK148: =IFERROR(AG148/AI148*100,NA()) -> 41.004982
A149: 1996 | B149: 12633.131 | C149: 16230.738 | D149: 12061.251 | E149: 14105.386 | F149: 18155.737 | G149: 15040.64 | H149: 13761.536 | I149: 17948.386 | J149: 15461.135 | K149: 13130.227 | L149: 17229.398 | M149: 15188.922 | N149: =IF(ISBLANK($B149),NA(),IFERROR(SUM($B149:$B$177),NA())) -> 348651.06 | O149: =IF(ISBLANK($C149),NA(),IFERROR(SUM($C149:$C$177),NA())) -> 453527.41 | P149: =IF(ISBLANK($D149),NA(),IFERROR(SUM($D149:$D$177),NA())) -> 599124.43 | Q149: =IFERROR(O149+P149,"") -> 1052651.8 | R149: =IFERROR(N149/Q149*100,NA()) -> 33.121213 | S149: =IFERROR(O149/Q149*100,NA()) -> 43.084274 | T149: =IF(ISBLANK($E149),NA(),IFERROR(SUM($E149:$E$177),NA())) -> 386045.23 | U149: =IF(ISBLANK($F149),NA(),IFERROR(SUM($F149:$F$177),NA())) -> 496522.32 | V149: =IF(ISBLANK($G149),NA(),IFERROR(SUM($G149:$G$177),NA())) -> 718505.63 | W149: =IFERROR(U149+V149,"") -> 1215027.9 | X149: =IFERROR(T149/W149*100,NA()) -> 31.772539 | Y149: =IFERROR(U149/W149*100,NA()) -> 40.865095 | Z149: =IF(ISBLANK($H149),NA(),IFERROR(SUM($H149:$H$177),NA())) -> 382378.09 | AA149: =IF(ISBLANK($I149),NA(),IFERROR(SUM($I149:$I$177),NA())) -> 501436.86 | AB149: =IF(ISBLANK($J149),NA(),IFERROR(SUM($J149:$J$177),NA())) -> 746582.54 | AC149: =IFERROR(AA149+AB149,"") -> 1248019.4 | AD149: =IFERROR(Z149/AC149*100,NA()) -> 30.638793 | AE149: =IFERROR(AA149/AC149*100,NA()) -> 40.178611 | AF149: =IF(ISBLANK($K149),NA(),IFERROR(SUM($K149:$K$177),NA())) -> 356837.3 | AG149: =IF(ISBLANK($L149),NA(),IFERROR(SUM($L149:$L$177),NA())) -> 467801.97 | AH149: =IF(ISBLANK($M149),NA(),IFERROR(SUM($M149:$M$177),NA())) -> 682675.08 | AI149: =IFERROR(AG149+AH149,"") -> 1150477.1 | AJ149: =IFERROR(AF149/AI149*100,NA()) -> 31.016464 | AK149: =IFERROR(AG149/AI149*100,NA()) -> 40.661565
A150: 1997 | B150: 12636.197 | C150: 16096.977 | D150: 12309.654 | E150: 14108.635 | F150: 18006.533 | G150: 15381.162 | H150: 13983.068 | I150: 17990.467 | J150: 15795.757 | K150: 13335.095 | L150: 17259.266 | M150: 15499.593 | N150: =IF(ISBLANK($B150),NA(),IFERROR(SUM($B150:$B$177),NA())) -> 336017.93 | O150: =IF(ISBLANK($C150),NA(),IFERROR(SUM($C150:$C$177),NA())) -> 437296.67 | P150: =IF(ISBLANK($D150),NA(),IFERROR(SUM($D150:$D$177),NA())) -> 587063.18 | Q150: =IFERROR(O150+P150,"") -> 1024359.9 | R150: =IFERROR(N150/Q150*100,NA()) -> 32.802724 | S150: =IFERROR(O150/Q150*100,NA()) -> 42.689751 | T150: =IF(ISBLANK($E150),NA(),IFERROR(SUM($E150:$E$177),NA())) -> 371939.84 | U150: =IF(ISBLANK($F150),NA(),IFERROR(SUM($F150:$F$177),NA())) -> 478366.58 | V150: =IF(ISBLANK($G150),NA(),IFERROR(SUM($G150:$G$177),NA())) -> 703464.99 | W150: =IFERROR(U150+V150,"") -> 1181831.6 | X150: =IFERROR(T150/W150*100,NA()) -> 31.471476 | Y150: =IFERROR(U150/W150*100,NA()) -> 40.476714 | Z150: =IF(ISBLANK($H150),NA(),IFERROR(SUM($H150:$H$177),NA())) -> 368616.55 | AA150: =IF(ISBLANK($I150),NA(),IFERROR(SUM($I150:$I$177),NA())) -> 483488.48 | AB150: =IF(ISBLANK($J150),NA(),IFERROR(SUM($J150:$J$177),NA())) -> 731121.4 | AC150: =IFERROR(AA150+AB150,"") -> 1214609.9 | AD150: =IFERROR(Z150/AC150*100,NA()) -> 30.348555 | AE150: =IFERROR(AA150/AC150*100,NA()) -> 39.806072 | AF150: =IF(ISBLANK($K150),NA(),IFERROR(SUM($K150:$K$177),NA())) -> 343707.08 | AG150: =IF(ISBLANK($L150),NA(),IFERROR(SUM($L150:$L$177),NA())) -> 450572.58 | AH150: =IF(ISBLANK($M150),NA(),IFERROR(SUM($M150:$M$177),NA())) -> 667486.16 | AI150: =IFERROR(AG150+AH150,"") -> 1118058.7 | AJ150: =IFERROR(AF150/AI150*100,NA()) -> 30.741415 | AK150: =IFERROR(AG150/AI150*100,NA()) -> 40.299545
A151: 1998 | B151: 12673.241 | C151: 16041.1 | D151: 12150.263 | E151: 14173.652 | F151: 17960.852 | G151: 15437.89 | H151: 14020.254 | I151: 17922.049 | J151: 15944.418 | K151: 13383.746 | L151: 17214.435 | M151: 15688.247 | N151: =IF(ISBLANK($B151),NA(),IFERROR(SUM($B151:$B$177),NA())) -> 323381.73 | O151: =IF(ISBLANK($C151),NA(),IFERROR(SUM($C151:$C$177),NA())) -> 421199.69 | P151: =IF(ISBLANK($D151),NA(),IFERROR(SUM($D151:$D$177),NA())) -> 574753.53 | Q151: =IFERROR(O151+P151,"") -> 995953.22 | R151: =IFERROR(N151/Q151*100,NA()) -> 32.469571 | S151: =IFERROR(O151/Q151*100,NA()) -> 42.291112 | T151: =IF(ISBLANK($E151),NA(),IFERROR(SUM($E151:$E$177),NA())) -> 357831.21 | U151: =IF(ISBLANK($F151),NA(),IFERROR(SUM($F151:$F$177),NA())) -> 460360.05 | V151: =IF(ISBLANK($G151),NA(),IFERROR(SUM($G151:$G$177),NA())) -> 688083.82 | W151: =IFERROR(U151+V151,"") -> 1148443.9 | X151: =IFERROR(T151/W151*100,NA()) -> 31.157919 | Y151: =IFERROR(U151/W151*100,NA()) -> 40.085551 | Z151: =IF(ISBLANK($H151),NA(),IFERROR(SUM($H151:$H$177),NA())) -> 354633.48 | AA151: =IF(ISBLANK($I151),NA(),IFERROR(SUM($I151:$I$177),NA())) -> 465498.01 | AB151: =IF(ISBLANK($J151),NA(),IFERROR(SUM($J151:$J$177),NA())) -> 715325.65 | AC151: =IFERROR(AA151+AB151,"") -> 1180823.7 | AD151: =IFERROR(Z151/AC151*100,NA()) -> 30.032722 | AE151: =IFERROR(AA151/AC151*100,NA()) -> 39.421467 | AF151: =IF(ISBLANK($K151),NA(),IFERROR(SUM($K151:$K$177),NA())) -> 330371.98 | AG151: =IF(ISBLANK($L151),NA(),IFERROR(SUM($L151:$L$177),NA())) -> 433313.31 | AH151: =IF(ISBLANK($M151),NA(),IFERROR(SUM($M151:$M$177),NA())) -> 651986.56 | AI151: =IFERROR(AG151+AH151,"") -> 1085299.9 | AJ151: =IFERROR(AF151/AI151*100,NA()) -> 30.440617 | AK151: =IFERROR(AG151/AI151*100,NA()) -> 39.925676
A152: 1999 | B152: 12754.268 | C152: 16079.748 | D152: 12603.699 | E152: 14204.499 | F152: 17934.118 | G152: 16048.561 | H152: 14036.161 | I152: 17932.913 | J152: 16121.88 | K152: 13398.727 | L152: 17205.189 | M152: 15831.639 | N152: =IF(ISBLANK($B152),NA(),IFERROR(SUM($B152:$B$177),NA())) -> 310708.49 | O152: =IF(ISBLANK($C152),NA(),IFERROR(SUM($C152:$C$177),NA())) -> 405158.59 | P152: =IF(ISBLANK($D152),NA(),IFERROR(SUM($D152:$D$177),NA())) -> 562603.26 | Q152: =IFERROR(O152+P152,"") -> 967761.86 | R152: =IFERROR(N152/Q152*100,NA()) -> 32.105883 | S152: =IFERROR(O152/Q152*100,NA()) -> 41.865526 | T152: =IF(ISBLANK($E152),NA(),IFERROR(SUM($E152:$E$177),NA())) -> 343657.56 | U152: =IF(ISBLANK($F152),NA(),IFERROR(SUM($F152:$F$177),NA())) -> 442399.2 | V152: =IF(ISBLANK($G152),NA(),IFERROR(SUM($G152:$G$177),NA())) -> 672645.93 | W152: =IFERROR(U152+V152,"") -> 1115045.1 | X152: =IFERROR(T152/W152*100,NA()) -> 30.820058 | Y152: =IFERROR(U152/W152*100,NA()) -> 39.675452 | Z152: =IF(ISBLANK($H152),NA(),IFERROR(SUM($H152:$H$177),NA())) -> 340613.23 | AA152: =IF(ISBLANK($I152),NA(),IFERROR(SUM($I152:$I$177),NA())) -> 447575.96 | AB152: =IF(ISBLANK($J152),NA(),IFERROR(SUM($J152:$J$177),NA())) -> 699381.23 | AC152: =IFERROR(AA152+AB152,"") -> 1146957.2 | AD152: =IFERROR(Z152/AC152*100,NA()) -> 29.697118 | AE152: =IFERROR(AA152/AC152*100,NA()) -> 39.0229 | AF152: =IF(ISBLANK($K152),NA(),IFERROR(SUM($K152:$K$177),NA())) -> 316988.23 | AG152: =IF(ISBLANK($L152),NA(),IFERROR(SUM($L152:$L$177),NA())) -> 416098.88 | AH152: =IF(ISBLANK($M152),NA(),IFERROR(SUM($M152:$M$177),NA())) -> 636298.31 | AI152: =IFERROR(AG152+AH152,"") -> 1052397.2 | AJ152: =IFERROR(AF152/AI152*100,NA()) -> 30.120589 | AK152: =IFERROR(AG152/AI152*100,NA()) -> 39.538197
A153: 2000 | B153: 13032.554 | C153: 16354.44 | D153: 13086.375 | E153: 14474.385 | F153: 18171.378 | G153: 16583.92 | H153: 14250.975 | I153: 18184.506 | J153: 16714.233 | K153: 13622.161 | L153: 17486.486 | M153: 16322.936 | N153: =IF(ISBLANK($B153),NA(),IFERROR(SUM($B153:$B$177),NA())) -> 297954.23 | O153: =IF(ISBLANK($C153),NA(),IFERROR(SUM($C153:$C$177),NA())) -> 389078.85 | P153: =IF(ISBLANK($D153),NA(),IFERROR(SUM($D153:$D$177),NA())) -> 549999.57 | Q153: =IFERROR(O153+P153,"") -> 939078.41 | R153: =IFERROR(N153/Q153*100,NA()) -> 31.728365 | S153: =IFERROR(O153/Q153*100,NA()) -> 41.431987 | T153: =IF(ISBLANK($E153),NA(),IFERROR(SUM($E153:$E$177),NA())) -> 329453.06 | U153: =IF(ISBLANK($F153),NA(),IFERROR(SUM($F153:$F$177),NA())) -> 424465.08 | V153: =IF(ISBLANK($G153),NA(),IFERROR(SUM($G153:$G$177),NA())) -> 656597.37 | W153: =IFERROR(U153+V153,"") -> 1081062.5 | X153: =IFERROR(T153/W153*100,NA()) -> 30.474933 | Y153: =IFERROR(U153/W153*100,NA()) -> 39.263696 | Z153: =IF(ISBLANK($H153),NA(),IFERROR(SUM($H153:$H$177),NA())) -> 326577.07 | AA153: =IF(ISBLANK($I153),NA(),IFERROR(SUM($I153:$I$177),NA())) -> 429643.05 | AB153: =IF(ISBLANK($J153),NA(),IFERROR(SUM($J153:$J$177),NA())) -> 683259.35 | AC153: =IFERROR(AA153+AB153,"") -> 1112902.4 | AD153: =IFERROR(Z153/AC153*100,NA()) -> 29.344628 | AE153: =IFERROR(AA153/AC153*100,NA()) -> 38.605636 | AF153: =IF(ISBLANK($K153),NA(),IFERROR(SUM($K153:$K$177),NA())) -> 303589.51 | AG153: =IF(ISBLANK($L153),NA(),IFERROR(SUM($L153:$L$177),NA())) -> 398893.69 | AH153: =IF(ISBLANK($M153),NA(),IFERROR(SUM($M153:$M$177),NA())) -> 620466.68 | AI153: =IFERROR(AG153+AH153,"") -> 1019360.4 | AJ153: =IFERROR(AF153/AI153*100,NA()) -> 29.782354 | AK153: =IFERROR(AG153/AI153*100,NA()) -> 39.131763
A154: 2001 | B154: 12920.487 | C154: 16301.445 | D154: 13295.259 | E154: 14360.838 | F154: 18098.643 | G154: 16920.435 | H154: 14202.02 | I154: 18126.529 | J154: 17111.129 | K154: 13613.895 | L154: 17480.168 | M154: 16729.536 | N154: =IF(ISBLANK($B154),NA(),IFERROR(SUM($B154:$B$177),NA())) -> 284921.67 | O154: =IF(ISBLANK($C154),NA(),IFERROR(SUM($C154:$C$177),NA())) -> 372724.41 | P154: =IF(ISBLANK($D154),NA(),IFERROR(SUM($D154:$D$177),NA())) -> 536913.19 | Q154: =IFERROR(O154+P154,"") -> 909637.6 | R154: =IFERROR(N154/Q154*100,NA()) -> 31.322548 | S154: =IFERROR(O154/Q154*100,NA()) -> 40.975044 | T154: =IF(ISBLANK($E154),NA(),IFERROR(SUM($E154:$E$177),NA())) -> 314978.67 | U154: =IF(ISBLANK($F154),NA(),IFERROR(SUM($F154:$F$177),NA())) -> 406293.7 | V154: =IF(ISBLANK($G154),NA(),IFERROR(SUM($G154:$G$177),NA())) -> 640013.45 | W154: =IFERROR(U154+V154,"") -> 1046307.2 | X154: =IFERROR(T154/W154*100,NA()) -> 30.103844 | Y154: =IFERROR(U154/W154*100,NA()) -> 38.831207 | Z154: =IF(ISBLANK($H154),NA(),IFERROR(SUM($H154:$H$177),NA())) -> 312326.09 | AA154: =IF(ISBLANK($I154),NA(),IFERROR(SUM($I154:$I$177),NA())) -> 411458.54 | AB154: =IF(ISBLANK($J154),NA(),IFERROR(SUM($J154:$J$177),NA())) -> 666545.11 | AC154: =IFERROR(AA154+AB154,"") -> 1078003.7 | AD154: =IFERROR(Z154/AC154*100,NA()) -> 28.972638 | AE154: =IFERROR(AA154/AC154*100,NA()) -> 38.168567 | AF154: =IF(ISBLANK($K154),NA(),IFERROR(SUM($K154:$K$177),NA())) -> 289967.35 | AG154: =IF(ISBLANK($L154),NA(),IFERROR(SUM($L154:$L$177),NA())) -> 381407.2 | AH154: =IF(ISBLANK($M154),NA(),IFERROR(SUM($M154:$M$177),NA())) -> 604143.74 | AI154: =IFERROR(AG154+AH154,"") -> 985550.94 | AJ154: =IFERROR(AF154/AI154*100,NA()) -> 29.421853 | AK154: =IFERROR(AG154/AI154*100,NA()) -> 38.699897
... A176: 2023 | B176: 10231.641 | C176: 13959.637 | D176: 29295.152 | E176: 11380.54 | F176: 15122.355 | G176: 34525.696 | H176: 11313.264 | I176: 15497.115 | J176: 35712.681 | K176: 11034.686 | L176: 14998.116 | M176: 33744.497 | N176: =IF(ISBLANK($B176),NA(),IFERROR(SUM($B176:$B$177),NA())) -> 20371.407 | O176: =IF(ISBLANK($C176),NA(),IFERROR(SUM($C176:$C$177),NA())) -> 27890.633 | P176: =IF(ISBLANK($D176),NA(),IFERROR(SUM($D176:$D$177),NA())) -> 59058.568 | Q176: =IFERROR(O176+P176,"") -> 86949.201 | R176: =IFERROR(N176/Q176*100,NA()) -> 23.429091 | S176: =IFERROR(O176/Q176*100,NA()) -> 32.076928 | T176: =IF(ISBLANK($E176),NA(),IFERROR(SUM($E176:$E$177),NA())) -> 20021.691 | U176: =IF(ISBLANK($F176),NA(),IFERROR(SUM($F176:$F$177),NA())) -> 26571.46 | V176: =IF(ISBLANK($G176),NA(),IFERROR(SUM($G176:$G$177),NA())) -> 58600.397 | W176: =IFERROR(U176+V176,"") -> 85171.857 | X176: =IFERROR(T176/W176*100,NA()) -> 23.507402 | Y176: =IFERROR(U176/W176*100,NA()) -> 31.197465 | Z176: =IF(ISBLANK($H176),NA(),IFERROR(SUM($H176:$H$177),NA())) -> 22579.328 | AA176: =IF(ISBLANK($I176),NA(),IFERROR(SUM($I176:$I$177),NA())) -> 31002.431 | AB176: =IF(ISBLANK($J176),NA(),IFERROR(SUM($J176:$J$177),NA())) -> 72054.11 | AC176: =IFERROR(AA176+AB176,"") -> 103056.54 | AD176: =IFERROR(Z176/AC176*100,NA()) -> 21.909651 | AE176: =IFERROR(AA176/AC176*100,NA()) -> 30.082934 | AF176: =IF(ISBLANK($K176),NA(),IFERROR(SUM($K176:$K$177),NA())) -> 11034.686 | AG176: =IF(ISBLANK($L176),NA(),IFERROR(SUM($L176:$L$177),NA())) -> 14998.116 | AH176: =IF(ISBLANK($M176),NA(),IFERROR(SUM($M176:$M$177),NA())) -> 33744.497 | AI176: =IFERROR(AG176+AH176,"") -> 48742.613 | AJ176: =IFERROR(AF176/AI176*100,NA()) -> 22.638684 | AK176: =IFERROR(AG176/AI176*100,NA()) -> 30.770029
A177: 2024 | B177: 10139.766 | C177: 13930.996 | D177: 29763.416 | E177: 8641.151 | F177: 11449.105 | G177: 24074.701 | H177: 11266.064 | I177: 15505.316 | J177: 36341.429 | N177: =IF(ISBLANK($B177),NA(),IFERROR(SUM($B177:$B$177),NA())) -> 10139.766 | O177: =IF(ISBLANK($C177),NA(),IFERROR(SUM($C177:$C$177),NA())) -> 13930.996 | P177: =IF(ISBLANK($D177),NA(),IFERROR(SUM($D177:$D$177),NA())) -> 29763.416 | Q177: =IFERROR(O177+P177,"") -> 43694.412 | R177: =IFERROR(N177/Q177*100,NA()) -> 23.206093 | S177: =IFERROR(O177/Q177*100,NA()) -> 31.882786 | T177: =IF(ISBLANK($E177),NA(),IFERROR(SUM($E177:$E$177),NA())) -> 8641.151 | U177: =IF(ISBLANK($F177),NA(),IFERROR(SUM($F177:$F$177),NA())) -> 11449.105 | V177: =IF(ISBLANK($G177),NA(),IFERROR(SUM($G177:$G$177),NA())) -> 24074.701 | W177: =IFERROR(U177+V177,"") -> 35523.806 | X177: =IFERROR(T177/W177*100,NA()) -> 24.324958 | Y177: =IFERROR(U177/W177*100,NA()) -> 32.229387 | Z177: =IF(ISBLANK($H177),NA(),IFERROR(SUM($H177:$H$177),NA())) -> 11266.064 | AA177: =IF(ISBLANK($I177),NA(),IFERROR(SUM($I177:$I$177),NA())) -> 15505.316 | AB177: =IF(ISBLANK($J177),NA(),IFERROR(SUM($J177:$J$177),NA())) -> 36341.429 | AC177: =IFERROR(AA177+AB177,"") -> 51846.745 | AD177: =IFERROR(Z177/AC177*100,NA()) -> 21.729549 | AE177: =IFERROR(AA177/AC177*100,NA()) -> 29.906055 | AF177: =IF(ISBLANK($K177),NA(),IFERROR(SUM($K177:$K$177),NA())) -> #N/A | AG177: =IF(ISBLANK($L177),NA(),IFERROR(SUM($L177:$L$177),NA())) -> #N/A | AH177: =IF(ISBLANK($M177),NA(),IFERROR(SUM($M177:$M$177),NA())) -> #N/A | AI177: =IFERROR(AG177+AH177,"") | AJ177: =IFERROR(AF177/AI177*100,NA()) -> #N/A | AK177: =IFERROR(AG177/AI177*100,NA()) -> #N/A

Sheet GHG excl LULUCF

Sheet data_ghg_excLUC
A1: Cumulative GHG emissions excluding LULUCF to 2024, different start points
A2: Year | B2: AII_Min | C2: AII_Max | D2: AI_Min | E2: AI_Max | F2: Pure_AII | G2: Overlap | H2: AI_Gap | I2: pct_annex2_OWID | J2: pct_annex2_PRIMAP | K2: pct_annex2_EDGAR | L2: pct_annex2_ClimateWatch | M2: pct_annex1_OWID | N2: pct_annex1_PRIMAP | O2: pct_annex1_EDGAR | P2: pct_annex1_ClimateWatch | Q2: Pure_AI | R2: Annex II GMST | S2: Annex I GMST
A3: =vals_ghg_excLUC!$A3 -> 1850 | B3: =IFERROR(_xlfn.AGGREGATE(5,6,I3:L3),"") -> 42.963096 | C3: =IFERROR(_xlfn.AGGREGATE(4,6,I3:L3),"") -> 45.862869 | D3: =IFERROR(_xlfn.AGGREGATE(5,6,M3:P3),"") -> 56.150528 | E3: =IFERROR(_xlfn.AGGREGATE(4,6,M3:P3),"") -> 59.4021 | F3: =IFERROR(MIN(C3,D3)-B3,"") -> 2.8997722 | G3: =IFERROR(MAX(0,C3-D3),"") -> 0 | H3: =IFERROR(MAX(0,D3-C3),"") -> 10.287659 | I3: =vals_ghg_excLUC!$R3 -> 45.862869 | J3: =vals_ghg_excLUC!$X3 -> 42.963096 | K3: =vals_ghg_excLUC!$AD3 -> #N/A | L3: =vals_ghg_excLUC!$AJ3 -> #N/A | M3: =vals_ghg_excLUC!$S3 -> 59.4021 | N3: =vals_ghg_excLUC!$Y3 -> 56.150528 | O3: =vals_ghg_excLUC!$AE3 -> #N/A | P3: =vals_ghg_excLUC!$AK3 -> #N/A | Q3: =IFERROR(MAX(0,$E3-MAX($C3,$D3)),"") -> 3.2515724 | R3: 42.798 | S3: 55.891
A4: =vals_ghg_excLUC!$A4 -> 1851 | B4: =IFERROR(_xlfn.AGGREGATE(5,6,I4:L4),"") -> 42.965406 | C4: =IFERROR(_xlfn.AGGREGATE(4,6,I4:L4),"") -> 45.860038 | D4: =IFERROR(_xlfn.AGGREGATE(5,6,M4:P4),"") -> 56.15317 | E4: =IFERROR(_xlfn.AGGREGATE(4,6,M4:P4),"") -> 59.399994 | F4: =IFERROR(MIN(C4,D4)-B4,"") -> 2.8946317 | G4: =IFERROR(MAX(0,C4-D4),"") -> 0 | H4: =IFERROR(MAX(0,D4-C4),"") -> 10.293132 | I4: =vals_ghg_excLUC!$R4 -> 45.860038 | J4: =vals_ghg_excLUC!$X4 -> 42.965406 | K4: =vals_ghg_excLUC!$AD4 -> #N/A | L4: =vals_ghg_excLUC!$AJ4 -> #N/A | M4: =vals_ghg_excLUC!$S4 -> 59.399994 | N4: =vals_ghg_excLUC!$Y4 -> 56.15317 | O4: =vals_ghg_excLUC!$AE4 -> #N/A | P4: =vals_ghg_excLUC!$AK4 -> #N/A | Q4: =IFERROR(MAX(0,$E4-MAX($C4,$D4)),"") -> 3.2468244 | R4: 42.798 | S4: 55.891
A5: =vals_ghg_excLUC!$A5 -> 1852 | B5: =IFERROR(_xlfn.AGGREGATE(5,6,I5:L5),"") -> 42.96767 | C5: =IFERROR(_xlfn.AGGREGATE(4,6,I5:L5),"") -> 45.857184 | D5: =IFERROR(_xlfn.AGGREGATE(5,6,M5:P5),"") -> 56.15571 | E5: =IFERROR(_xlfn.AGGREGATE(4,6,M5:P5),"") -> 59.397829 | F5: =IFERROR(MIN(C5,D5)-B5,"") -> 2.8895138 | G5: =IFERROR(MAX(0,C5-D5),"") -> 0 | H5: =IFERROR(MAX(0,D5-C5),"") -> 10.298526 | I5: =vals_ghg_excLUC!$R5 -> 45.857184 | J5: =vals_ghg_excLUC!$X5 -> 42.96767 | K5: =vals_ghg_excLUC!$AD5 -> #N/A | L5: =vals_ghg_excLUC!$AJ5 -> #N/A | M5: =vals_ghg_excLUC!$S5 -> 59.397829 | N5: =vals_ghg_excLUC!$Y5 -> 56.15571 | O5: =vals_ghg_excLUC!$AE5 -> #N/A | P5: =vals_ghg_excLUC!$AK5 -> #N/A | Q5: =IFERROR(MAX(0,$E5-MAX($C5,$D5)),"") -> 3.2421184 | R5: 42.791 | S5: 55.884
A6: =vals_ghg_excLUC!$A6 -> 1853 | B6: =IFERROR(_xlfn.AGGREGATE(5,6,I6:L6),"") -> 42.969726 | C6: =IFERROR(_xlfn.AGGREGATE(4,6,I6:L6),"") -> 45.854112 | D6: =IFERROR(_xlfn.AGGREGATE(5,6,M6:P6),"") -> 56.158015 | E6: =IFERROR(_xlfn.AGGREGATE(4,6,M6:P6),"") -> 59.395446 | F6: =IFERROR(MIN(C6,D6)-B6,"") -> 2.8843865 | G6: =IFERROR(MAX(0,C6-D6),"") -> 0 | H6: =IFERROR(MAX(0,D6-C6),"") -> 10.303903 | I6: =vals_ghg_excLUC!$R6 -> 45.854112 | J6: =vals_ghg_excLUC!$X6 -> 42.969726 | K6: =vals_ghg_excLUC!$AD6 -> #N/A | L6: =vals_ghg_excLUC!$AJ6 -> #N/A | M6: =vals_ghg_excLUC!$S6 -> 59.395446 | N6: =vals_ghg_excLUC!$Y6 -> 56.158015 | O6: =vals_ghg_excLUC!$AE6 -> #N/A | P6: =vals_ghg_excLUC!$AK6 -> #N/A | Q6: =IFERROR(MAX(0,$E6-MAX($C6,$D6)),"") -> 3.2374309 | R6: 42.784 | S6: 55.877
A7: =vals_ghg_excLUC!$A7 -> 1854 | B7: =IFERROR(_xlfn.AGGREGATE(5,6,I7:L7),"") -> 42.971515 | C7: =IFERROR(_xlfn.AGGREGATE(4,6,I7:L7),"") -> 45.850748 | D7: =IFERROR(_xlfn.AGGREGATE(5,6,M7:P7),"") -> 56.160056 | E7: =IFERROR(_xlfn.AGGREGATE(4,6,M7:P7),"") -> 59.392809 | F7: =IFERROR(MIN(C7,D7)-B7,"") -> 2.8792336 | G7: =IFERROR(MAX(0,C7-D7),"") -> 0 | H7: =IFERROR(MAX(0,D7-C7),"") -> 10.309308 | I7: =vals_ghg_excLUC!$R7 -> 45.850748 | J7: =vals_ghg_excLUC!$X7 -> 42.971515 | K7: =vals_ghg_excLUC!$AD7 -> #N/A | L7: =vals_ghg_excLUC!$AJ7 -> #N/A | M7: =vals_ghg_excLUC!$S7 -> 59.392809 | N7: =vals_ghg_excLUC!$Y7 -> 56.160056 | O7: =vals_ghg_excLUC!$AE7 -> #N/A | P7: =vals_ghg_excLUC!$AK7 -> #N/A | Q7: =IFERROR(MAX(0,$E7-MAX($C7,$D7)),"") -> 3.2327529 | R7: 42.776 | S7: 55.869
A8: =vals_ghg_excLUC!$A8 -> 1855 | B8: =IFERROR(_xlfn.AGGREGATE(5,6,I8:L8),"") -> 42.972347 | C8: =IFERROR(_xlfn.AGGREGATE(4,6,I8:L8),"") -> 45.846293 | D8: =IFERROR(_xlfn.AGGREGATE(5,6,M8:P8),"") -> 56.161293 | E8: =IFERROR(_xlfn.AGGREGATE(4,6,M8:P8),"") -> 59.389305 | F8: =IFERROR(MIN(C8,D8)-B8,"") -> 2.8739458 | G8: =IFERROR(MAX(0,C8-D8),"") -> 0 | H8: =IFERROR(MAX(0,D8-C8),"") -> 10.315 | I8: =vals_ghg_excLUC!$R8 -> 45.846293 | J8: =vals_ghg_excLUC!$X8 -> 42.972347 | K8: =vals_ghg_excLUC!$AD8 -> #N/A | L8: =vals_ghg_excLUC!$AJ8 -> #N/A | M8: =vals_ghg_excLUC!$S8 -> 59.389305 | N8: =vals_ghg_excLUC!$Y8 -> 56.161293 | O8: =vals_ghg_excLUC!$AE8 -> #N/A | P8: =vals_ghg_excLUC!$AK8 -> #N/A | Q8: =IFERROR(MAX(0,$E8-MAX($C8,$D8)),"") -> 3.2280124 | R8: 42.766 | S8: 55.86
A9: =vals_ghg_excLUC!$A9 -> 1856 | B9: =IFERROR(_xlfn.AGGREGATE(5,6,I9:L9),"") -> 42.973067 | C9: =IFERROR(_xlfn.AGGREGATE(4,6,I9:L9),"") -> 45.84174 | D9: =IFERROR(_xlfn.AGGREGATE(5,6,M9:P9),"") -> 56.162362 | E9: =IFERROR(_xlfn.AGGREGATE(4,6,M9:P9),"") -> 59.385659 | F9: =IFERROR(MIN(C9,D9)-B9,"") -> 2.8686729 | G9: =IFERROR(MAX(0,C9-D9),"") -> 0 | H9: =IFERROR(MAX(0,D9-C9),"") -> 10.320622 | I9: =vals_ghg_excLUC!$R9 -> 45.84174 | J9: =vals_ghg_excLUC!$X9 -> 42.973067 | K9: =vals_ghg_excLUC!$AD9 -> #N/A | L9: =vals_ghg_excLUC!$AJ9 -> #N/A | M9: =vals_ghg_excLUC!$S9 -> 59.385659 | N9: =vals_ghg_excLUC!$Y9 -> 56.162362 | O9: =vals_ghg_excLUC!$AE9 -> #N/A | P9: =vals_ghg_excLUC!$AK9 -> #N/A | Q9: =IFERROR(MAX(0,$E9-MAX($C9,$D9)),"") -> 3.2232975 | R9: 42.757 | S9: 55.851
A10: =vals_ghg_excLUC!$A10 -> 1857 | B10: =IFERROR(_xlfn.AGGREGATE(5,6,I10:L10),"") -> 42.97335 | C10: =IFERROR(_xlfn.AGGREGATE(4,6,I10:L10),"") -> 45.836708 | D10: =IFERROR(_xlfn.AGGREGATE(5,6,M10:P10),"") -> 56.163022 | E10: =IFERROR(_xlfn.AGGREGATE(4,6,M10:P10),"") -> 59.38162 | F10: =IFERROR(MIN(C10,D10)-B10,"") -> 2.863358 | G10: =IFERROR(MAX(0,C10-D10),"") -> 0 | H10: =IFERROR(MAX(0,D10-C10),"") -> 10.326314 | I10: =vals_ghg_excLUC!$R10 -> 45.836708 | J10: =vals_ghg_excLUC!$X10 -> 42.97335 | K10: =vals_ghg_excLUC!$AD10 -> #N/A | L10: =vals_ghg_excLUC!$AJ10 -> #N/A | M10: =vals_ghg_excLUC!$S10 -> 59.38162 | N10: =vals_ghg_excLUC!$Y10 -> 56.163022 | O10: =vals_ghg_excLUC!$AE10 -> #N/A | P10: =vals_ghg_excLUC!$AK10 -> #N/A | Q10: =IFERROR(MAX(0,$E10-MAX($C10,$D10)),"") -> 3.2185977 | R10: 42.747 | S10: 55.842
A11: =vals_ghg_excLUC!$A11 -> 1858 | B11: =IFERROR(_xlfn.AGGREGATE(5,6,I11:L11),"") -> 42.973563 | C11: =IFERROR(_xlfn.AGGREGATE(4,6,I11:L11),"") -> 45.83162 | D11: =IFERROR(_xlfn.AGGREGATE(5,6,M11:P11),"") -> 56.163564 | E11: =IFERROR(_xlfn.AGGREGATE(4,6,M11:P11),"") -> 59.377497 | F11: =IFERROR(MIN(C11,D11)-B11,"") -> 2.8580563 | G11: =IFERROR(MAX(0,C11-D11),"") -> 0 | H11: =IFERROR(MAX(0,D11-C11),"") -> 10.331944 | I11: =vals_ghg_excLUC!$R11 -> 45.83162 | J11: =vals_ghg_excLUC!$X11 -> 42.973563 | K11: =vals_ghg_excLUC!$AD11 -> #N/A | L11: =vals_ghg_excLUC!$AJ11 -> #N/A | M11: =vals_ghg_excLUC!$S11 -> 59.377497 | N11: =vals_ghg_excLUC!$Y11 -> 56.163564 | O11: =vals_ghg_excLUC!$AE11 -> #N/A | P11: =vals_ghg_excLUC!$AK11 -> #N/A | Q11: =IFERROR(MAX(0,$E11-MAX($C11,$D11)),"") -> 3.2139335 | R11: 42.737 | S11: 55.832
A12: =vals_ghg_excLUC!$A12 -> 1859 | B12: =IFERROR(_xlfn.AGGREGATE(5,6,I12:L12),"") -> 42.97372 | C12: =IFERROR(_xlfn.AGGREGATE(4,6,I12:L12),"") -> 45.826499 | D12: =IFERROR(_xlfn.AGGREGATE(5,6,M12:P12),"") -> 56.163985 | E12: =IFERROR(_xlfn.AGGREGATE(4,6,M12:P12),"") -> 59.373282 | F12: =IFERROR(MIN(C12,D12)-B12,"") -> 2.8527784 | G12: =IFERROR(MAX(0,C12-D12),"") -> 0 | H12: =IFERROR(MAX(0,D12-C12),"") -> 10.337486 | I12: =vals_ghg_excLUC!$R12 -> 45.826499 | J12: =vals_ghg_excLUC!$X12 -> 42.97372 | K12: =vals_ghg_excLUC!$AD12 -> #N/A | L12: =vals_ghg_excLUC!$AJ12 -> #N/A | M12: =vals_ghg_excLUC!$S12 -> 59.373282 | N12: =vals_ghg_excLUC!$Y12 -> 56.163985 | O12: =vals_ghg_excLUC!$AE12 -> #N/A | P12: =vals_ghg_excLUC!$AK12 -> #N/A | Q12: =IFERROR(MAX(0,$E12-MAX($C12,$D12)),"") -> 3.2092962 | R12: 42.726 | S12: 55.822
A13: =vals_ghg_excLUC!$A13 -> 1860 | B13: =IFERROR(_xlfn.AGGREGATE(5,6,I13:L13),"") -> 42.973427 | C13: =IFERROR(_xlfn.AGGREGATE(4,6,I13:L13),"") -> 45.820849 | D13: =IFERROR(_xlfn.AGGREGATE(5,6,M13:P13),"") -> 56.164023 | E13: =IFERROR(_xlfn.AGGREGATE(4,6,M13:P13),"") -> 59.368652 | F13: =IFERROR(MIN(C13,D13)-B13,"") -> 2.8474225 | G13: =IFERROR(MAX(0,C13-D13),"") -> 0 | H13: =IFERROR(MAX(0,D13-C13),"") -> 10.343174 | I13: =vals_ghg_excLUC!$R13 -> 45.820849 | J13: =vals_ghg_excLUC!$X13 -> 42.973427 | K13: =vals_ghg_excLUC!$AD13 -> #N/A | L13: =vals_ghg_excLUC!$AJ13 -> #N/A | M13: =vals_ghg_excLUC!$S13 -> 59.368652 | N13: =vals_ghg_excLUC!$Y13 -> 56.164023 | O13: =vals_ghg_excLUC!$AE13 -> #N/A | P13: =vals_ghg_excLUC!$AK13 -> #N/A | Q13: =IFERROR(MAX(0,$E13-MAX($C13,$D13)),"") -> 3.2046291 | R13: 42.715 | S13: 55.812
A14: =vals_ghg_excLUC!$A14 -> 1861 | B14: =IFERROR(_xlfn.AGGREGATE(5,6,I14:L14),"") -> 42.972416 | C14: =IFERROR(_xlfn.AGGREGATE(4,6,I14:L14),"") -> 45.814381 | D14: =IFERROR(_xlfn.AGGREGATE(5,6,M14:P14),"") -> 56.163433 | E14: =IFERROR(_xlfn.AGGREGATE(4,6,M14:P14),"") -> 59.363352 | F14: =IFERROR(MIN(C14,D14)-B14,"") -> 2.8419647 | G14: =IFERROR(MAX(0,C14-D14),"") -> 0 | H14: =IFERROR(MAX(0,D14-C14),"") -> 10.349053 | I14: =vals_ghg_excLUC!$R14 -> 45.814381 | J14: =vals_ghg_excLUC!$X14 -> 42.972416 | K14: =vals_ghg_excLUC!$AD14 -> #N/A | L14: =vals_ghg_excLUC!$AJ14 -> #N/A | M14: =vals_ghg_excLUC!$S14 -> 59.363352 | N14: =vals_ghg_excLUC!$Y14 -> 56.163433 | O14: =vals_ghg_excLUC!$AE14 -> #N/A | P14: =vals_ghg_excLUC!$AK14 -> #N/A | Q14: =IFERROR(MAX(0,$E14-MAX($C14,$D14)),"") -> 3.1999184 | R14: 42.703 | S14: 55.801
... A177: =vals_ghg_excLUC!$A177 -> 2024 | B177: =IFERROR(_xlfn.AGGREGATE(5,6,I177:L177),"") -> 21.729549 | C177: =IFERROR(_xlfn.AGGREGATE(4,6,I177:L177),"") -> 24.324958 | D177: =IFERROR(_xlfn.AGGREGATE(5,6,M177:P177),"") -> 29.906055 | E177: =IFERROR(_xlfn.AGGREGATE(4,6,M177:P177),"") -> 32.229387 | F177: =IFERROR(MIN(C177,D177)-B177,"") -> 2.595409 | G177: =IFERROR(MAX(0,C177-D177),"") -> 0 | H177: =IFERROR(MAX(0,D177-C177),"") -> 5.5810965 | I177: =vals_ghg_excLUC!$R177 -> 23.206093 | J177: =vals_ghg_excLUC!$X177 -> 24.324958 | K177: =vals_ghg_excLUC!$AD177 -> 21.729549 | L177: =vals_ghg_excLUC!$AJ177 -> #N/A | M177: =vals_ghg_excLUC!$S177 -> 31.882786 | N177: =vals_ghg_excLUC!$Y177 -> 32.229387 | O177: =vals_ghg_excLUC!$AE177 -> 29.906055 | P177: =vals_ghg_excLUC!$AK177 -> #N/A | Q177: =IFERROR(MAX(0,$E177-MAX($C177,$D177)),"") -> 2.3233324 | R177: 20.374 | S177: 29.415

Sheet vals_co2_incLUC
A2: Year | B2: annex2_OWID | C2: annex1_OWID | D2: non_annex1_OWID | E2: annex2_PRIMAP | F2: annex1_PRIMAP | G2: non_annex1_PRIMAP | H2: annex2_GCP_BLUE | I2: annex1_GCP_BLUE | J2: non_annex1_GCP_BLUE | K2: annex2_GCP_OSCAR | L2: annex1_GCP_OSCAR | M2: non_annex1_GCP_OSCAR | N2: cum_annex2_OWID | O2: cum_annex1_OWID | P2: cum_non_ann1_OWID | Q2: cum_world_OWID | R2: pct_annex2_OWID | S2: pct_annex1_OWID | T2: cum_annex2_PRIMAP | U2: cum_annex1_PRIMAP | V2: cum_non_ann1_PRIMAP | W2: cum_world_PRIMAP | X2: pct_annex2_PRIMAP | Y2: pct_annex1_PRIMAP | Z2: cum_annex2_GCP_BLUE | AA2: cum_annex1_GCP_BLUE | AB2: cum_non_ann1_GCP_BLUE | AC2: cum_world_GCP_BLUE | AD2: pct_annex2_GCP_BLUE | AE2: pct_annex1_GCP_BLUE | AF2: cum_annex2_GCP_OSCAR | AG2: cum_annex1_GCP_OSCAR | AH2: cum_non_ann1_GCP_OSCAR | AI2: cum_world_GCP_OSCAR | AJ2: pct_annex2_GCP_OSCAR | AK2: pct_annex1_GCP_OSCAR
A3: 1850 | B3: 1290.936 | C3: 2094.882 | D3: 1537.861 | E3: 891.93 | F3: 1211.493 | G3: 823.429 | H3: 1290.936 | I3: 2094.882 | J3: 1537.861 | K3: 1053.273 | L3: 1399.061 | M3: 945.557 | N3: =IF(ISBLANK($B3),NA(),IFERROR(SUM($B3:$B$177),NA())) -> 1078015.4 | O3: =IF(ISBLANK($C3),NA(),IFERROR(SUM($C3:$C$177),NA())) -> 1463023.9 | P3: =IF(ISBLANK($D3),NA(),IFERROR(SUM($D3:$D$177),NA())) -> 1393816.3 | Q3: =IFERROR(O3+P3,"") -> 2856840.2 | R3: =IFERROR(N3/Q3*100,NA()) -> 37.734536 | S3: =IFERROR(O3/Q3*100,NA()) -> 51.211261 | T3: =IF(ISBLANK($E3),NA(),IFERROR(SUM($E3:$E$177),NA())) -> 951442.33 | U3: =IF(ISBLANK($F3),NA(),IFERROR(SUM($F3:$F$177),NA())) -> 1207192.1 | V3: =IF(ISBLANK($G3),NA(),IFERROR(SUM($G3:$G$177),NA())) -> 1042057.3 | W3: =IFERROR(U3+V3,"") -> 2249249.4 | X3: =IFERROR(T3/W3*100,NA()) -> 42.300436 | Y3: =IFERROR(U3/W3*100,NA()) -> 53.670886 | Z3: =IF(ISBLANK($H3),NA(),IFERROR(SUM($H3:$H$177),NA())) -> 1078015.4 | AA3: =IF(ISBLANK($I3),NA(),IFERROR(SUM($I3:$I$177),NA())) -> 1463023.9 | AB3: =IF(ISBLANK($J3),NA(),IFERROR(SUM($J3:$J$177),NA())) -> 1393332.5 | AC3: =IFERROR(AA3+AB3,"") -> 2856356.4 | AD3: =IFERROR(Z3/AC3*100,NA()) -> 37.740928 | AE3: =IFERROR(AA3/AC3*100,NA()) -> 51.219936 | AF3: =IF(ISBLANK($K3),NA(),IFERROR(SUM($K3:$K$177),NA())) -> 1034414.7 | AG3: =IF(ISBLANK($L3),NA(),IFERROR(SUM($L3:$L$177),NA())) -> 1338460.6 | AH3: =IF(ISBLANK($M3),NA(),IFERROR(SUM($M3:$M$177),NA())) -> 1235047.9 | AI3: =IFERROR(AG3+AH3,"") -> 2573508.5 | AJ3: =IFERROR(AF3/AI3*100,NA()) -> 40.194727 | AK3: =IFERROR(AG3/AI3*100,NA()) -> 52.009177
A4: 1851 | B4: 1347.784 | C4: 2157.601 | D4: 1626.338 | E4: 899.51 | F4: 1219.531 | G4: 789.239 | H4: 1347.784 | I4: 2157.601 | J4: 1626.338 | K4: 1086.404 | L4: 1423.289 | M4: 980.535 | N4: =IF(ISBLANK($B4),NA(),IFERROR(SUM($B4:$B$177),NA())) -> 1076724.5 | O4: =IF(ISBLANK($C4),NA(),IFERROR(SUM($C4:$C$177),NA())) -> 1460929 | P4: =IF(ISBLANK($D4),NA(),IFERROR(SUM($D4:$D$177),NA())) -> 1392278.4 | Q4: =IFERROR(O4+P4,"") -> 2853207.5 | R4: =IFERROR(N4/Q4*100,NA()) -> 37.737335 | S4: =IFERROR(O4/Q4*100,NA()) -> 51.203042 | T4: =IF(ISBLANK($E4),NA(),IFERROR(SUM($E4:$E$177),NA())) -> 950550.4 | U4: =IF(ISBLANK($F4),NA(),IFERROR(SUM($F4:$F$177),NA())) -> 1205980.6 | V4: =IF(ISBLANK($G4),NA(),IFERROR(SUM($G4:$G$177),NA())) -> 1041233.9 | W4: =IFERROR(U4+V4,"") -> 2247214.5 | X4: =IFERROR(T4/W4*100,NA()) -> 42.29905 | Y4: =IFERROR(U4/W4*100,NA()) -> 53.665576 | Z4: =IF(ISBLANK($H4),NA(),IFERROR(SUM($H4:$H$177),NA())) -> 1076724.5 | AA4: =IF(ISBLANK($I4),NA(),IFERROR(SUM($I4:$I$177),NA())) -> 1460929 | AB4: =IF(ISBLANK($J4),NA(),IFERROR(SUM($J4:$J$177),NA())) -> 1391794.6 | AC4: =IFERROR(AA4+AB4,"") -> 2852723.7 | AD4: =IFERROR(Z4/AC4*100,NA()) -> 37.743736 | AE4: =IFERROR(AA4/AC4*100,NA()) -> 51.211727 | AF4: =IF(ISBLANK($K4),NA(),IFERROR(SUM($K4:$K$177),NA())) -> 1033361.5 | AG4: =IF(ISBLANK($L4),NA(),IFERROR(SUM($L4:$L$177),NA())) -> 1337061.6 | AH4: =IF(ISBLANK($M4),NA(),IFERROR(SUM($M4:$M$177),NA())) -> 1234102.4 | AI4: =IFERROR(AG4+AH4,"") -> 2571163.9 | AJ4: =IFERROR(AF4/AI4*100,NA()) -> 40.190415 | AK4: =IFERROR(AG4/AI4*100,NA()) -> 52.00219
A5: 1852 | B5: 1380.203 | C5: 2230.345 | D5: 1683.59 | E5: 1146.19 | F5: 1468.051 | G5: 754.79 | H5: 1380.203 | I5: 2230.345 | J5: 1683.59 | K5: 1103.114 | L5: 1471.461 | M5: 1004.504 | N5: =IF(ISBLANK($B5),NA(),IFERROR(SUM($B5:$B$177),NA())) -> 1075376.7 | O5: =IF(ISBLANK($C5),NA(),IFERROR(SUM($C5:$C$177),NA())) -> 1458771.4 | P5: =IF(ISBLANK($D5),NA(),IFERROR(SUM($D5:$D$177),NA())) -> 1390652.1 | Q5: =IFERROR(O5+P5,"") -> 2849423.5 | R5: =IFERROR(N5/Q5*100,NA()) -> 37.740149 | S5: =IFERROR(O5/Q5*100,NA()) -> 51.195318 | T5: =IF(ISBLANK($E5),NA(),IFERROR(SUM($E5:$E$177),NA())) -> 949650.89 | U5: =IF(ISBLANK($F5),NA(),IFERROR(SUM($F5:$F$177),NA())) -> 1204761.1 | V5: =IF(ISBLANK($G5),NA(),IFERROR(SUM($G5:$G$177),NA())) -> 1040444.7 | W5: =IFERROR(U5+V5,"") -> 2245205.8 | X5: =IFERROR(T5/W5*100,NA()) -> 42.296831 | Y5: =IFERROR(U5/W5*100,NA()) -> 53.659273 | Z5: =IF(ISBLANK($H5),NA(),IFERROR(SUM($H5:$H$177),NA())) -> 1075376.7 | AA5: =IF(ISBLANK($I5),NA(),IFERROR(SUM($I5:$I$177),NA())) -> 1458771.4 | AB5: =IF(ISBLANK($J5),NA(),IFERROR(SUM($J5:$J$177),NA())) -> 1390168.3 | AC5: =IFERROR(AA5+AB5,"") -> 2848939.7 | AD5: =IFERROR(Z5/AC5*100,NA()) -> 37.746559 | AE5: =IFERROR(AA5/AC5*100,NA()) -> 51.204012 | AF5: =IF(ISBLANK($K5),NA(),IFERROR(SUM($K5:$K$177),NA())) -> 1032275.1 | AG5: =IF(ISBLANK($L5),NA(),IFERROR(SUM($L5:$L$177),NA())) -> 1335638.3 | AH5: =IF(ISBLANK($M5),NA(),IFERROR(SUM($M5:$M$177),NA())) -> 1233121.8 | AI5: =IFERROR(AG5+AH5,"") -> 2568760.1 | AJ5: =IFERROR(AF5/AI5*100,NA()) -> 40.185732 | AK5: =IFERROR(AG5/AI5*100,NA()) -> 51.995446
A6: 1853 | B6: 1433.029 | C6: 2259.173 | D6: 1710.368 | E6: 1184.999 | F6: 1508.209 | G6: 718.593 | H6: 1433.029 | I6: 2259.173 | J6: 1710.368 | K6: 1143.791 | L6: 1481.32 | M6: 1002.07 | N6: =IF(ISBLANK($B6),NA(),IFERROR(SUM($B6:$B$177),NA())) -> 1073996.5 | O6: =IF(ISBLANK($C6),NA(),IFERROR(SUM($C6:$C$177),NA())) -> 1456541.1 | P6: =IF(ISBLANK($D6),NA(),IFERROR(SUM($D6:$D$177),NA())) -> 1388968.5 | Q6: =IFERROR(O6+P6,"") -> 2845509.6 | R6: =IFERROR(N6/Q6*100,NA()) -> 37.743555 | S6: =IFERROR(O6/Q6*100,NA()) -> 51.187354 | T6: =IF(ISBLANK($E6),NA(),IFERROR(SUM($E6:$E$177),NA())) -> 948504.7 | U6: =IF(ISBLANK($F6),NA(),IFERROR(SUM($F6:$F$177),NA())) -> 1203293 | V6: =IF(ISBLANK($G6),NA(),IFERROR(SUM($G6:$G$177),NA())) -> 1039689.9 | W6: =IFERROR(U6+V6,"") -> 2242982.9 | X6: =IFERROR(T6/W6*100,NA()) -> 42.287647 | Y6: =IFERROR(U6/W6*100,NA()) -> 53.646999 | Z6: =IF(ISBLANK($H6),NA(),IFERROR(SUM($H6:$H$177),NA())) -> 1073996.5 | AA6: =IF(ISBLANK($I6),NA(),IFERROR(SUM($I6:$I$177),NA())) -> 1456541.1 | AB6: =IF(ISBLANK($J6),NA(),IFERROR(SUM($J6:$J$177),NA())) -> 1388484.7 | AC6: =IFERROR(AA6+AB6,"") -> 2845025.8 | AD6: =IFERROR(Z6/AC6*100,NA()) -> 37.749974 | AE6: =IFERROR(AA6/AC6*100,NA()) -> 51.19606 | AF6: =IF(ISBLANK($K6),NA(),IFERROR(SUM($K6:$K$177),NA())) -> 1031171.9 | AG6: =IF(ISBLANK($L6),NA(),IFERROR(SUM($L6:$L$177),NA())) -> 1334166.8 | AH6: =IF(ISBLANK($M6),NA(),IFERROR(SUM($M6:$M$177),NA())) -> 1232117.3 | AI6: =IFERROR(AG6+AH6,"") -> 2566284.1 | AJ6: =IFERROR(AF6/AI6*100,NA()) -> 40.181519 | AK6: =IFERROR(AG6/AI6*100,NA()) -> 51.988273
A7: 1854 | B7: 1499.014 | C7: 2352.142 | D7: 1705.869 | E7: 1251.85 | F7: 1576.832 | G7: 681.931 | H7: 1499.014 | I7: 2352.142 | J7: 1705.869 | K7: 1200.051 | L7: 1558.938 | M7: 1006.056 | N7: =IF(ISBLANK($B7),NA(),IFERROR(SUM($B7:$B$177),NA())) -> 1072563.5 | O7: =IF(ISBLANK($C7),NA(),IFERROR(SUM($C7:$C$177),NA())) -> 1454281.9 | P7: =IF(ISBLANK($D7),NA(),IFERROR(SUM($D7:$D$177),NA())) -> 1387258.2 | Q7: =IFERROR(O7+P7,"") -> 2841540.1 | R7: =IFERROR(N7/Q7*100,NA()) -> 37.74585 | S7: =IFERROR(O7/Q7*100,NA()) -> 51.179356 | T7: =IF(ISBLANK($E7),NA(),IFERROR(SUM($E7:$E$177),NA())) -> 947319.7 | U7: =IF(ISBLANK($F7),NA(),IFERROR(SUM($F7:$F$177),NA())) -> 1201784.8 | V7: =IF(ISBLANK($G7),NA(),IFERROR(SUM($G7:$G$177),NA())) -> 1038971.3 | W7: =IFERROR(U7+V7,"") -> 2240756.1 | X7: =IFERROR(T7/W7*100,NA()) -> 42.276788 | Y7: =IFERROR(U7/W7*100,NA()) -> 53.633004 | Z7: =IF(ISBLANK($H7),NA(),IFERROR(SUM($H7:$H$177),NA())) -> 1072563.5 | AA7: =IF(ISBLANK($I7),NA(),IFERROR(SUM($I7:$I$177),NA())) -> 1454281.9 | AB7: =IF(ISBLANK($J7),NA(),IFERROR(SUM($J7:$J$177),NA())) -> 1386774.3 | AC7: =IFERROR(AA7+AB7,"") -> 2841056.2 | AD7: =IFERROR(Z7/AC7*100,NA()) -> 37.752279 | AE7: =IFERROR(AA7/AC7*100,NA()) -> 51.188072 | AF7: =IF(ISBLANK($K7),NA(),IFERROR(SUM($K7:$K$177),NA())) -> 1030028.2 | AG7: =IF(ISBLANK($L7),NA(),IFERROR(SUM($L7:$L$177),NA())) -> 1332685.5 | AH7: =IF(ISBLANK($M7),NA(),IFERROR(SUM($M7:$M$177),NA())) -> 1231115.3 | AI7: =IFERROR(AG7+AH7,"") -> 2563800.8 | AJ7: =IFERROR(AF7/AI7*100,NA()) -> 40.175827 | AK7: =IFERROR(AG7/AI7*100,NA()) -> 51.980852
A8: 1855 | B8: 1518.949 | C8: 2377.324 | D8: 1754.3 | E8: 1283.286 | F8: 1610.443 | G8: 643.801 | H8: 1518.949 | I8: 2377.324 | J8: 1754.3 | K8: 1212.195 | L8: 1571.616 | M8: 1020.76 | N8: =IF(ISBLANK($B8),NA(),IFERROR(SUM($B8:$B$177),NA())) -> 1071064.5 | O8: =IF(ISBLANK($C8),NA(),IFERROR(SUM($C8:$C$177),NA())) -> 1451929.8 | P8: =IF(ISBLANK($D8),NA(),IFERROR(SUM($D8:$D$177),NA())) -> 1385552.3 | Q8: =IFERROR(O8+P8,"") -> 2837482.1 | R8: =IFERROR(N8/Q8*100,NA()) -> 37.747003 | S8: =IFERROR(O8/Q8*100,NA()) -> 51.169655 | T8: =IF(ISBLANK($E8),NA(),IFERROR(SUM($E8:$E$177),NA())) -> 946067.85 | U8: =IF(ISBLANK($F8),NA(),IFERROR(SUM($F8:$F$177),NA())) -> 1200208 | V8: =IF(ISBLANK($G8),NA(),IFERROR(SUM($G8:$G$177),NA())) -> 1038289.4 | W8: =IFERROR(U8+V8,"") -> 2238497.4 | X8: =IFERROR(T8/W8*100,NA()) -> 42.263524 | Y8: =IFERROR(U8/W8*100,NA()) -> 53.616681 | Z8: =IF(ISBLANK($H8),NA(),IFERROR(SUM($H8:$H$177),NA())) -> 1071064.5 | AA8: =IF(ISBLANK($I8),NA(),IFERROR(SUM($I8:$I$177),NA())) -> 1451929.8 | AB8: =IF(ISBLANK($J8),NA(),IFERROR(SUM($J8:$J$177),NA())) -> 1385068.5 | AC8: =IFERROR(AA8+AB8,"") -> 2836998.2 | AD8: =IFERROR(Z8/AC8*100,NA()) -> 37.753441 | AE8: =IFERROR(AA8/AC8*100,NA()) -> 51.178382 | AF8: =IF(ISBLANK($K8),NA(),IFERROR(SUM($K8:$K$177),NA())) -> 1028828.1 | AG8: =IF(ISBLANK($L8),NA(),IFERROR(SUM($L8:$L$177),NA())) -> 1331126.5 | AH8: =IF(ISBLANK($M8),NA(),IFERROR(SUM($M8:$M$177),NA())) -> 1230109.2 | AI8: =IFERROR(AG8+AH8,"") -> 2561235.8 | AJ8: =IFERROR(AF8/AI8*100,NA()) -> 40.169207 | AK8: =IFERROR(AG8/AI8*100,NA()) -> 51.972043
A9: 1856 | B9: 1546.951 | C9: 2411.286 | D9: 1762.129 | E9: 1326.327 | F9: 1655.482 | G9: 637.612 | H9: 1546.95 | I9: 2411.286 | J9: 1762.129 | K9: 1234.154 | L9: 1595.778 | M9: 1034.424 | N9: =IF(ISBLANK($B9),NA(),IFERROR(SUM($B9:$B$177),NA())) -> 1069545.5 | O9: =IF(ISBLANK($C9),NA(),IFERROR(SUM($C9:$C$177),NA())) -> 1449552.4 | P9: =IF(ISBLANK($D9),NA(),IFERROR(SUM($D9:$D$177),NA())) -> 1383798 | Q9: =IFERROR(O9+P9,"") -> 2833350.4 | R9: =IFERROR(N9/Q9*100,NA()) -> 37.748437 | S9: =IFERROR(O9/Q9*100,NA()) -> 51.160366 | T9: =IF(ISBLANK($E9),NA(),IFERROR(SUM($E9:$E$177),NA())) -> 944784.57 | U9: =IF(ISBLANK($F9),NA(),IFERROR(SUM($F9:$F$177),NA())) -> 1198597.5 | V9: =IF(ISBLANK($G9),NA(),IFERROR(SUM($G9:$G$177),NA())) -> 1037645.6 | W9: =IFERROR(U9+V9,"") -> 2236243.1 | X9: =IFERROR(T9/W9*100,NA()) -> 42.248741 | Y9: =IFERROR(U9/W9*100,NA()) -> 53.598714 | Z9: =IF(ISBLANK($H9),NA(),IFERROR(SUM($H9:$H$177),NA())) -> 1069545.5 | AA9: =IF(ISBLANK($I9),NA(),IFERROR(SUM($I9:$I$177),NA())) -> 1449552.5 | AB9: =IF(ISBLANK($J9),NA(),IFERROR(SUM($J9:$J$177),NA())) -> 1383314.2 | AC9: =IFERROR(AA9+AB9,"") -> 2832866.6 | AD9: =IFERROR(Z9/AC9*100,NA()) -> 37.754884 | AE9: =IFERROR(AA9/AC9*100,NA()) -> 51.169104 | AF9: =IF(ISBLANK($K9),NA(),IFERROR(SUM($K9:$K$177),NA())) -> 1027615.9 | AG9: =IF(ISBLANK($L9),NA(),IFERROR(SUM($L9:$L$177),NA())) -> 1329554.9 | AH9: =IF(ISBLANK($M9),NA(),IFERROR(SUM($M9:$M$177),NA())) -> 1229088.4 | AI9: =IFERROR(AG9+AH9,"") -> 2558643.4 | AJ9: =IFERROR(AF9/AI9*100,NA()) -> 40.16253 | AK9: =IFERROR(AG9/AI9*100,NA()) -> 51.963276
A10: 1857 | B10: 1571.184 | C10: 2446.174 | D10: 1776.948 | E10: 1353.469 | F10: 1684.382 | G10: 632.513 | H10: 1571.184 | I10: 2446.174 | J10: 1776.948 | K10: 1253.733 | L10: 1622.81 | M10: 1054.564 | N10: =IF(ISBLANK($B10),NA(),IFERROR(SUM($B10:$B$177),NA())) -> 1067998.6 | O10: =IF(ISBLANK($C10),NA(),IFERROR(SUM($C10:$C$177),NA())) -> 1447141.2 | P10: =IF(ISBLANK($D10),NA(),IFERROR(SUM($D10:$D$177),NA())) -> 1382035.9 | Q10: =IFERROR(O10+P10,"") -> 2829177 | R10: =IFERROR(N10/Q10*100,NA()) -> 37.749442 | S10: =IFERROR(O10/Q10*100,NA()) -> 51.150605 | T10: =IF(ISBLANK($E10),NA(),IFERROR(SUM($E10:$E$177),NA())) -> 943458.24 | U10: =IF(ISBLANK($F10),NA(),IFERROR(SUM($F10:$F$177),NA())) -> 1196942.1 | V10: =IF(ISBLANK($G10),NA(),IFERROR(SUM($G10:$G$177),NA())) -> 1037007.9 | W10: =IFERROR(U10+V10,"") -> 2233950 | X10: =IFERROR(T10/W10*100,NA()) -> 42.232737 | Y10: =IFERROR(U10/W10*100,NA()) -> 53.579626 | Z10: =IF(ISBLANK($H10),NA(),IFERROR(SUM($H10:$H$177),NA())) -> 1067998.6 | AA10: =IF(ISBLANK($I10),NA(),IFERROR(SUM($I10:$I$177),NA())) -> 1447141.2 | AB10: =IF(ISBLANK($J10),NA(),IFERROR(SUM($J10:$J$177),NA())) -> 1381552 | AC10: =IFERROR(AA10+AB10,"") -> 2828693.2 | AD10: =IFERROR(Z10/AC10*100,NA()) -> 37.755899 | AE10: =IFERROR(AA10/AC10*100,NA()) -> 51.159354 | AF10: =IF(ISBLANK($K10),NA(),IFERROR(SUM($K10:$K$177),NA())) -> 1026381.8 | AG10: =IF(ISBLANK($L10),NA(),IFERROR(SUM($L10:$L$177),NA())) -> 1327959.2 | AH10: =IF(ISBLANK($M10),NA(),IFERROR(SUM($M10:$M$177),NA())) -> 1228054 | AI10: =IFERROR(AG10+AH10,"") -> 2556013.2 | AJ10: =IFERROR(AF10/AI10*100,NA()) -> 40.155574 | AK10: =IFERROR(AG10/AI10*100,NA()) -> 51.954316
A11: 1858 | B11: 1600.233 | C11: 2476.819 | D11: 1775.571 | E11: 1379.76 | F11: 1712.848 | G11: 628.012 | H11: 1600.233 | I11: 2476.819 | J11: 1775.571 | K11: 1279.577 | L11: 1647.578 | M11: 1043.049 | N11: =IF(ISBLANK($B11),NA(),IFERROR(SUM($B11:$B$177),NA())) -> 1066427.4 | O11: =IF(ISBLANK($C11),NA(),IFERROR(SUM($C11:$C$177),NA())) -> 1444695 | P11: =IF(ISBLANK($D11),NA(),IFERROR(SUM($D11:$D$177),NA())) -> 1380258.9 | Q11: =IFERROR(O11+P11,"") -> 2824953.9 | R11: =IFERROR(N11/Q11*100,NA()) -> 37.750257 | S11: =IFERROR(O11/Q11*100,NA()) -> 51.14048 | T11: =IF(ISBLANK($E11),NA(),IFERROR(SUM($E11:$E$177),NA())) -> 942104.77 | U11: =IF(ISBLANK($F11),NA(),IFERROR(SUM($F11:$F$177),NA())) -> 1195257.7 | V11: =IF(ISBLANK($G11),NA(),IFERROR(SUM($G11:$G$177),NA())) -> 1036375.4 | W11: =IFERROR(U11+V11,"") -> 2231633.1 | X11: =IFERROR(T11/W11*100,NA()) -> 42.215934 | Y11: =IFERROR(U11/W11*100,NA()) -> 53.559775 | Z11: =IF(ISBLANK($H11),NA(),IFERROR(SUM($H11:$H$177),NA())) -> 1066427.4 | AA11: =IF(ISBLANK($I11),NA(),IFERROR(SUM($I11:$I$177),NA())) -> 1444695 | AB11: =IF(ISBLANK($J11),NA(),IFERROR(SUM($J11:$J$177),NA())) -> 1379775.1 | AC11: =IFERROR(AA11+AB11,"") -> 2824470.1 | AD11: =IFERROR(Z11/AC11*100,NA()) -> 37.756724 | AE11: =IFERROR(AA11/AC11*100,NA()) -> 51.149241 | AF11: =IF(ISBLANK($K11),NA(),IFERROR(SUM($K11:$K$177),NA())) -> 1025128 | AG11: =IF(ISBLANK($L11),NA(),IFERROR(SUM($L11:$L$177),NA())) -> 1326336.3 | AH11: =IF(ISBLANK($M11),NA(),IFERROR(SUM($M11:$M$177),NA())) -> 1226999.5 | AI11: =IFERROR(AG11+AH11,"") -> 2553335.8 | AJ11: =IFERROR(AF11/AI11*100,NA()) -> 40.148578 | AK11: =IFERROR(AG11/AI11*100,NA()) -> 51.945237
A12: 1859 | B12: 1645.326 | C12: 2527.726 | D12: 1787.971 | E12: 1419.536 | F12: 1753.622 | G12: 624.224 | H12: 1645.326 | I12: 2527.726 | J12: 1787.971 | K12: 1322.812 | L12: 1694.498 | M12: 1049.738 | N12: =IF(ISBLANK($B12),NA(),IFERROR(SUM($B12:$B$177),NA())) -> 1064827.1 | O12: =IF(ISBLANK($C12),NA(),IFERROR(SUM($C12:$C$177),NA())) -> 1442218.2 | P12: =IF(ISBLANK($D12),NA(),IFERROR(SUM($D12:$D$177),NA())) -> 1378483.3 | Q12: =IFERROR(O12+P12,"") -> 2820701.5 | R12: =IFERROR(N12/Q12*100,NA()) -> 37.750437 | S12: =IFERROR(O12/Q12*100,NA()) -> 51.129769 | T12: =IF(ISBLANK($E12),NA(),IFERROR(SUM($E12:$E$177),NA())) -> 940725.01 | U12: =IF(ISBLANK($F12),NA(),IFERROR(SUM($F12:$F$177),NA())) -> 1193544.8 | V12: =IF(ISBLANK($G12),NA(),IFERROR(SUM($G12:$G$177),NA())) -> 1035747.4 | W12: =IFERROR(U12+V12,"") -> 2229292.3 | X12: =IFERROR(T12/W12*100,NA()) -> 42.198371 | Y12: =IFERROR(U12/W12*100,NA()) -> 53.539182 | Z12: =IF(ISBLANK($H12),NA(),IFERROR(SUM($H12:$H$177),NA())) -> 1064827.1 | AA12: =IF(ISBLANK($I12),NA(),IFERROR(SUM($I12:$I$177),NA())) -> 1442218.2 | AB12: =IF(ISBLANK($J12),NA(),IFERROR(SUM($J12:$J$177),NA())) -> 1377999.5 | AC12: =IFERROR(AA12+AB12,"") -> 2820217.7 | AD12: =IFERROR(Z12/AC12*100,NA()) -> 37.756913 | AE12: =IFERROR(AA12/AC12*100,NA()) -> 51.138541 | AF12: =IF(ISBLANK($K12),NA(),IFERROR(SUM($K12:$K$177),NA())) -> 1023848.4 | AG12: =IF(ISBLANK($L12),NA(),IFERROR(SUM($L12:$L$177),NA())) -> 1324688.8 | AH12: =IF(ISBLANK($M12),NA(),IFERROR(SUM($M12:$M$177),NA())) -> 1225956.4 | AI12: =IFERROR(AG12+AH12,"") -> 2550645.2 | AJ12: =IFERROR(AF12/AI12*100,NA()) -> 40.140763 | AK12: =IFERROR(AG12/AI12*100,NA()) -> 51.935439
A13: 1860 | B13: 1582.327 | C13: 2419.76 | D13: 1497.178 | E13: 1470.527 | F13: 1806.778 | G13: 619.519 | H13: 1582.327 | I13: 2419.761 | J13: 1497.178 | K13: 1362.587 | L13: 1713.343 | M13: 1027.021 | N13: =IF(ISBLANK($B13),NA(),IFERROR(SUM($B13:$B$177),NA())) -> 1063181.8 | O13: =IF(ISBLANK($C13),NA(),IFERROR(SUM($C13:$C$177),NA())) -> 1439690.4 | P13: =IF(ISBLANK($D13),NA(),IFERROR(SUM($D13:$D$177),NA())) -> 1376695.4 | Q13: =IFERROR(O13+P13,"") -> 2816385.8 | R13: =IFERROR(N13/Q13*100,NA()) -> 37.749864 | S13: =IFERROR(O13/Q13*100,NA()) -> 51.118367 | T13: =IF(ISBLANK($E13),NA(),IFERROR(SUM($E13:$E$177),NA())) -> 939305.48 | U13: =IF(ISBLANK($F13),NA(),IFERROR(SUM($F13:$F$177),NA())) -> 1191791.2 | V13: =IF(ISBLANK($G13),NA(),IFERROR(SUM($G13:$G$177),NA())) -> 1035123.2 | W13: =IFERROR(U13+V13,"") -> 2226914.4 | X13: =IFERROR(T13/W13*100,NA()) -> 42.179685 | Y13: =IFERROR(U13/W13*100,NA()) -> 53.517603 | Z13: =IF(ISBLANK($H13),NA(),IFERROR(SUM($H13:$H$177),NA())) -> 1063181.8 | AA13: =IF(ISBLANK($I13),NA(),IFERROR(SUM($I13:$I$177),NA())) -> 1439690.5 | AB13: =IF(ISBLANK($J13),NA(),IFERROR(SUM($J13:$J$177),NA())) -> 1376211.5 | AC13: =IFERROR(AA13+AB13,"") -> 2815902 | AD13: =IFERROR(Z13/AC13*100,NA()) -> 37.75635 | AE13: =IFERROR(AA13/AC13*100,NA()) -> 51.127151 | AF13: =IF(ISBLANK($K13),NA(),IFERROR(SUM($K13:$K$177),NA())) -> 1022525.6 | AG13: =IF(ISBLANK($L13),NA(),IFERROR(SUM($L13:$L$177),NA())) -> 1322994.3 | AH13: =IF(ISBLANK($M13),NA(),IFERROR(SUM($M13:$M$177),NA())) -> 1224906.7 | AI13: =IFERROR(AG13+AH13,"") -> 2547900.9 | AJ13: =IFERROR(AF13/AI13*100,NA()) -> 40.132079 | AK13: =IFERROR(AG13/AI13*100,NA()) -> 51.924871
A14: 1861 | B14: 1522.367 | C14: 2358.99 | D14: 1386.92 | E14: 1506.66 | F14: 1858.106 | G14: 625.604 | H14: 1522.367 | I14: 2358.99 | J14: 1386.92 | K14: 1322.922 | L14: 1678 | M14: 989.235 | N14: =IF(ISBLANK($B14),NA(),IFERROR(SUM($B14:$B$177),NA())) -> 1061599.5 | O14: =IF(ISBLANK($C14),NA(),IFERROR(SUM($C14:$C$177),NA())) -> 1437270.7 | P14: =IF(ISBLANK($D14),NA(),IFERROR(SUM($D14:$D$177),NA())) -> 1375198.2 | Q14: =IFERROR(O14+P14,"") -> 2812468.9 | R14: =IFERROR(N14/Q14*100,NA()) -> 37.746177 | S14: =IFERROR(O14/Q14*100,NA()) -> 51.103523 | T14: =IF(ISBLANK($E14),NA(),IFERROR(SUM($E14:$E$177),NA())) -> 937834.95 | U14: =IF(ISBLANK($F14),NA(),IFERROR(SUM($F14:$F$177),NA())) -> 1189984.4 | V14: =IF(ISBLANK($G14),NA(),IFERROR(SUM($G14:$G$177),NA())) -> 1034503.7 | W14: =IFERROR(U14+V14,"") -> 2224488.1 | X14: =IFERROR(T14/W14*100,NA()) -> 42.159585 | Y14: =IFERROR(U14/W14*100,NA()) -> 53.494754 | Z14: =IF(ISBLANK($H14),NA(),IFERROR(SUM($H14:$H$177),NA())) -> 1061599.5 | AA14: =IF(ISBLANK($I14),NA(),IFERROR(SUM($I14:$I$177),NA())) -> 1437270.7 | AB14: =IF(ISBLANK($J14),NA(),IFERROR(SUM($J14:$J$177),NA())) -> 1374714.4 | AC14: =IFERROR(AA14+AB14,"") -> 2811985 | AD14: =IFERROR(Z14/AC14*100,NA()) -> 37.752672 | AE14: =IFERROR(AA14/AC14*100,NA()) -> 51.112316 | AF14: =IF(ISBLANK($K14),NA(),IFERROR(SUM($K14:$K$177),NA())) -> 1021163 | AG14: =IF(ISBLANK($L14),NA(),IFERROR(SUM($L14:$L$177),NA())) -> 1321280.9 | AH14: =IF(ISBLANK($M14),NA(),IFERROR(SUM($M14:$M$177),NA())) -> 1223879.7 | AI14: =IFERROR(AG14+AH14,"") -> 2545160.6 | AJ14: =IFERROR(AF14/AI14*100,NA()) -> 40.121753 | AK14: =IFERROR(AG14/AI14*100,NA()) -> 51.91346
... A177: 2024 | B177: 9328.73 | C177: 12711.999 | D177: 29835.874 | E177: 8641.151 | F177: 11449.105 | G177: 24074.684 | H177: 9328.73 | I177: 12711.999 | J177: 29835.874 | K177: 9075.401 | L177: 12263.895 | M177: 29356.026 | N177: =IF(ISBLANK($B177),NA(),IFERROR(SUM($B177:$B$177),NA())) -> 9328.73 | O177: =IF(ISBLANK($C177),NA(),IFERROR(SUM($C177:$C$177),NA())) -> 12711.999 | P177: =IF(ISBLANK($D177),NA(),IFERROR(SUM($D177:$D$177),NA())) -> 29835.874 | Q177: =IFERROR(O177+P177,"") -> 42547.873 | R177: =IFERROR(N177/Q177*100,NA()) -> 21.925256 | S177: =IFERROR(O177/Q177*100,NA()) -> 29.876932 | T177: =IF(ISBLANK($E177),NA(),IFERROR(SUM($E177:$E$177),NA())) -> 8641.151 | U177: =IF(ISBLANK($F177),NA(),IFERROR(SUM($F177:$F$177),NA())) -> 11449.105 | V177: =IF(ISBLANK($G177),NA(),IFERROR(SUM($G177:$G$177),NA())) -> 24074.684 | W177: =IFERROR(U177+V177,"") -> 35523.789 | X177: =IFERROR(T177/W177*100,NA()) -> 24.32497 | Y177: =IFERROR(U177/W177*100,NA()) -> 32.229403 | Z177: =IF(ISBLANK($H177),NA(),IFERROR(SUM($H177:$H$177),NA())) -> 9328.73 | AA177: =IF(ISBLANK($I177),NA(),IFERROR(SUM($I177:$I$177),NA())) -> 12711.999 | AB177: =IF(ISBLANK($J177),NA(),IFERROR(SUM($J177:$J$177),NA())) -> 29835.874 | AC177: =IFERROR(AA177+AB177,"") -> 42547.873 | AD177: =IFERROR(Z177/AC177*100,NA()) -> 21.925256 | AE177: =IFERROR(AA177/AC177*100,NA()) -> 29.876932 | AF177: =IF(ISBLANK($K177),NA(),IFERROR(SUM($K177:$K$177),NA())) -> 9075.401 | AG177: =IF(ISBLANK($L177),NA(),IFERROR(SUM($L177:$L$177),NA())) -> 12263.895 | AH177: =IF(ISBLANK($M177),NA(),IFERROR(SUM($M177:$M$177),NA())) -> 29356.026 | AI177: =IFERROR(AG177+AH177,"") -> 41619.921 | AJ177: =IFERROR(AF177/AI177*100,NA()) -> 21.805426 | AK177: =IFERROR(AG177/AI177*100,NA()) -> 29.466406

Sheet CO2 incl LULUCF

Sheet data_co2_incLUC
A1: Cumulative CO2 emissions including from LULUCF to 2024, different start points
A2: Year | B2: AII_Min | C2: AII_Max | D2: AI_Min | E2: AI_Max | F2: Pure_AII | G2: Overlap | H2: AI_Gap | I2: pct_annex2_OWID | J2: pct_annex2_PRIMAP | K2: pct_annex2_GCP_BLUE | L2: pct_annex2_GCP_OSCAR | M2: pct_annex1_OWID | N2: pct_annex1_PRIMAP | O2: pct_annex1_GCP_BLUE | P2: pct_annex1_GCP_OSCAR | Q2: Pure_AI | R2: Annex II GMST | S2: Annex I GMST
A3: =vals_co2_incLUC!$A3 -> 1850 | B3: =IFERROR(_xlfn.AGGREGATE(5,6,I3:L3),"") -> 37.734536 | C3: =IFERROR(_xlfn.AGGREGATE(4,6,I3:L3),"") -> 42.300436 | D3: =IFERROR(_xlfn.AGGREGATE(5,6,M3:P3),"") -> 51.211261 | E3: =IFERROR(_xlfn.AGGREGATE(4,6,M3:P3),"") -> 53.670886 | F3: =IFERROR(MIN(C3,D3)-B3,"") -> 4.5659 | G3: =IFERROR(MAX(0,C3-D3),"") -> 0 | H3: =IFERROR(MAX(0,D3-C3),"") -> 8.9108249 | I3: =vals_co2_incLUC!$R3 -> 37.734536 | J3: =vals_co2_incLUC!$X3 -> 42.300436 | K3: =vals_co2_incLUC!$AD3 -> 37.740928 | L3: =vals_co2_incLUC!$AJ3 -> 40.194727 | M3: =vals_co2_incLUC!$S3 -> 51.211261 | N3: =vals_co2_incLUC!$Y3 -> 53.670886 | O3: =vals_co2_incLUC!$AE3 -> 51.219936 | P3: =vals_co2_incLUC!$AK3 -> 52.009177 | Q3: =IFERROR(MAX(0,$E3-MAX($C3,$D3)),"") -> 2.4596245 | R3: 39.109 | S3: 52.337
A4: =vals_co2_incLUC!$A4 -> 1851 | B4: =IFERROR(_xlfn.AGGREGATE(5,6,I4:L4),"") -> 37.737335 | C4: =IFERROR(_xlfn.AGGREGATE(4,6,I4:L4),"") -> 42.29905 | D4: =IFERROR(_xlfn.AGGREGATE(5,6,M4:P4),"") -> 51.203042 | E4: =IFERROR(_xlfn.AGGREGATE(4,6,M4:P4),"") -> 53.665576 | F4: =IFERROR(MIN(C4,D4)-B4,"") -> 4.5617148 | G4: =IFERROR(MAX(0,C4-D4),"") -> 0 | H4: =IFERROR(MAX(0,D4-C4),"") -> 8.9039919 | I4: =vals_co2_incLUC!$R4 -> 37.737335 | J4: =vals_co2_incLUC!$X4 -> 42.29905 | K4: =vals_co2_incLUC!$AD4 -> 37.743736 | L4: =vals_co2_incLUC!$AJ4 -> 40.190415 | M4: =vals_co2_incLUC!$S4 -> 51.203042 | N4: =vals_co2_incLUC!$Y4 -> 53.665576 | O4: =vals_co2_incLUC!$AE4 -> 51.211727 | P4: =vals_co2_incLUC!$AK4 -> 52.00219 | Q4: =IFERROR(MAX(0,$E4-MAX($C4,$D4)),"") -> 2.4625334 | R4: 39.109 | S4: 52.337
A5: =vals_co2_incLUC!$A5 -> 1852 | B5: =IFERROR(_xlfn.AGGREGATE(5,6,I5:L5),"") -> 37.740149 | C5: =IFERROR(_xlfn.AGGREGATE(4,6,I5:L5),"") -> 42.296831 | D5: =IFERROR(_xlfn.AGGREGATE(5,6,M5:P5),"") -> 51.195318 | E5: =IFERROR(_xlfn.AGGREGATE(4,6,M5:P5),"") -> 53.659273 | F5: =IFERROR(MIN(C5,D5)-B5,"") -> 4.5566822 | G5: =IFERROR(MAX(0,C5-D5),"") -> 0 | H5: =IFERROR(MAX(0,D5-C5),"") -> 8.8984862 | I5: =vals_co2_incLUC!$R5 -> 37.740149 | J5: =vals_co2_incLUC!$X5 -> 42.296831 | K5: =vals_co2_incLUC!$AD5 -> 37.746559 | L5: =vals_co2_incLUC!$AJ5 -> 40.185732 | M5: =vals_co2_incLUC!$S5 -> 51.195318 | N5: =vals_co2_incLUC!$Y5 -> 53.659273 | O5: =vals_co2_incLUC!$AE5 -> 51.204012 | P5: =vals_co2_incLUC!$AK5 -> 51.995446 | Q5: =IFERROR(MAX(0,$E5-MAX($C5,$D5)),"") -> 2.4639552 | R5: 39.109 | S5: 52.33
A6: =vals_co2_incLUC!$A6 -> 1853 | B6: =IFERROR(_xlfn.AGGREGATE(5,6,I6:L6),"") -> 37.743555 | C6: =IFERROR(_xlfn.AGGREGATE(4,6,I6:L6),"") -> 42.287647 | D6: =IFERROR(_xlfn.AGGREGATE(5,6,M6:P6),"") -> 51.187354 | E6: =IFERROR(_xlfn.AGGREGATE(4,6,M6:P6),"") -> 53.646999 | F6: =IFERROR(MIN(C6,D6)-B6,"") -> 4.544092 | G6: =IFERROR(MAX(0,C6-D6),"") -> 0 | H6: =IFERROR(MAX(0,D6-C6),"") -> 8.8997071 | I6: =vals_co2_incLUC!$R6 -> 37.743555 | J6: =vals_co2_incLUC!$X6 -> 42.287647 | K6: =vals_co2_incLUC!$AD6 -> 37.749974 | L6: =vals_co2_incLUC!$AJ6 -> 40.181519 | M6: =vals_co2_incLUC!$S6 -> 51.187354 | N6: =vals_co2_incLUC!$Y6 -> 53.646999 | O6: =vals_co2_incLUC!$AE6 -> 51.19606 | P6: =vals_co2_incLUC!$AK6 -> 51.988273 | Q6: =IFERROR(MAX(0,$E6-MAX($C6,$D6)),"") -> 2.459645 | R6: 39.109 | S6: 52.323
A7: =vals_co2_incLUC!$A7 -> 1854 | B7: =IFERROR(_xlfn.AGGREGATE(5,6,I7:L7),"") -> 37.74585 | C7: =IFERROR(_xlfn.AGGREGATE(4,6,I7:L7),"") -> 42.276788 | D7: =IFERROR(_xlfn.AGGREGATE(5,6,M7:P7),"") -> 51.179356 | E7: =IFERROR(_xlfn.AGGREGATE(4,6,M7:P7),"") -> 53.633004 | F7: =IFERROR(MIN(C7,D7)-B7,"") -> 4.5309373 | G7: =IFERROR(MAX(0,C7-D7),"") -> 0 | H7: =IFERROR(MAX(0,D7-C7),"") -> 8.9025686 | I7: =vals_co2_incLUC!$R7 -> 37.74585 | J7: =vals_co2_incLUC!$X7 -> 42.276788 | K7: =vals_co2_incLUC!$AD7 -> 37.752279 | L7: =vals_co2_incLUC!$AJ7 -> 40.175827 | M7: =vals_co2_incLUC!$S7 -> 51.179356 | N7: =vals_co2_incLUC!$Y7 -> 53.633004 | O7: =vals_co2_incLUC!$AE7 -> 51.188072 | P7: =vals_co2_incLUC!$AK7 -> 51.980852 | Q7: =IFERROR(MAX(0,$E7-MAX($C7,$D7)),"") -> 2.453648 | R7: 39.108 | S7: 52.315
A8: =vals_co2_incLUC!$A8 -> 1855 | B8: =IFERROR(_xlfn.AGGREGATE(5,6,I8:L8),"") -> 37.747003 | C8: =IFERROR(_xlfn.AGGREGATE(4,6,I8:L8),"") -> 42.263524 | D8: =IFERROR(_xlfn.AGGREGATE(5,6,M8:P8),"") -> 51.169655 | E8: =IFERROR(_xlfn.AGGREGATE(4,6,M8:P8),"") -> 53.616681 | F8: =IFERROR(MIN(C8,D8)-B8,"") -> 4.5165201 | G8: =IFERROR(MAX(0,C8-D8),"") -> 0 | H8: =IFERROR(MAX(0,D8-C8),"") -> 8.9061312 | I8: =vals_co2_incLUC!$R8 -> 37.747003 | J8: =vals_co2_incLUC!$X8 -> 42.263524 | K8: =vals_co2_incLUC!$AD8 -> 37.753441 | L8: =vals_co2_incLUC!$AJ8 -> 40.169207 | M8: =vals_co2_incLUC!$S8 -> 51.169655 | N8: =vals_co2_incLUC!$Y8 -> 53.616681 | O8: =vals_co2_incLUC!$AE8 -> 51.178382 | P8: =vals_co2_incLUC!$AK8 -> 51.972043 | Q8: =IFERROR(MAX(0,$E8-MAX($C8,$D8)),"") -> 2.4470265 | R8: 39.106 | S8: 52.306
A9: =vals_co2_incLUC!$A9 -> 1856 | B9: =IFERROR(_xlfn.AGGREGATE(5,6,I9:L9),"") -> 37.748437 | C9: =IFERROR(_xlfn.AGGREGATE(4,6,I9:L9),"") -> 42.248741 | D9: =IFERROR(_xlfn.AGGREGATE(5,6,M9:P9),"") -> 51.160366 | E9: =IFERROR(_xlfn.AGGREGATE(4,6,M9:P9),"") -> 53.598714 | F9: =IFERROR(MIN(C9,D9)-B9,"") -> 4.5003045 | G9: =IFERROR(MAX(0,C9-D9),"") -> 0 | H9: =IFERROR(MAX(0,D9-C9),"") -> 8.9116244 | I9: =vals_co2_incLUC!$R9 -> 37.748437 | J9: =vals_co2_incLUC!$X9 -> 42.248741 | K9: =vals_co2_incLUC!$AD9 -> 37.754884 | L9: =vals_co2_incLUC!$AJ9 -> 40.16253 | M9: =vals_co2_incLUC!$S9 -> 51.160366 | N9: =vals_co2_incLUC!$Y9 -> 53.598714 | O9: =vals_co2_incLUC!$AE9 -> 51.169104 | P9: =vals_co2_incLUC!$AK9 -> 51.963276 | Q9: =IFERROR(MAX(0,$E9-MAX($C9,$D9)),"") -> 2.4383481 | R9: 39.104 | S9: 52.297
A10: =vals_co2_incLUC!$A10 -> 1857 | B10: =IFERROR(_xlfn.AGGREGATE(5,6,I10:L10),"") -> 37.749442 | C10: =IFERROR(_xlfn.AGGREGATE(4,6,I10:L10),"") -> 42.232737 | D10: =IFERROR(_xlfn.AGGREGATE(5,6,M10:P10),"") -> 51.150605 | E10: =IFERROR(_xlfn.AGGREGATE(4,6,M10:P10),"") -> 53.579626 | F10: =IFERROR(MIN(C10,D10)-B10,"") -> 4.4832949 | G10: =IFERROR(MAX(0,C10-D10),"") -> 0 | H10: =IFERROR(MAX(0,D10-C10),"") -> 8.9178677 | I10: =vals_co2_incLUC!$R10 -> 37.749442 | J10: =vals_co2_incLUC!$X10 -> 42.232737 | K10: =vals_co2_incLUC!$AD10 -> 37.755899 | L10: =vals_co2_incLUC!$AJ10 -> 40.155574 | M10: =vals_co2_incLUC!$S10 -> 51.150605 | N10: =vals_co2_incLUC!$Y10 -> 53.579626 | O10: =vals_co2_incLUC!$AE10 -> 51.159354 | P10: =vals_co2_incLUC!$AK10 -> 51.954316 | Q10: =IFERROR(MAX(0,$E10-MAX($C10,$D10)),"") -> 2.4290211 | R10: 39.102 | S10: 52.288
A11: =vals_co2_incLUC!$A11 -> 1858 | B11: =IFERROR(_xlfn.AGGREGATE(5,6,I11:L11),"") -> 37.750257 | C11: =IFERROR(_xlfn.AGGREGATE(4,6,I11:L11),"") -> 42.215934 | D11: =IFERROR(_xlfn.AGGREGATE(5,6,M11:P11),"") -> 51.14048 | E11: =IFERROR(_xlfn.AGGREGATE(4,6,M11:P11),"") -> 53.559775 | F11: =IFERROR(MIN(C11,D11)-B11,"") -> 4.465677 | G11: =IFERROR(MAX(0,C11-D11),"") -> 0 | H11: =IFERROR(MAX(0,D11-C11),"") -> 8.9245458 | I11: =vals_co2_incLUC!$R11 -> 37.750257 | J11: =vals_co2_incLUC!$X11 -> 42.215934 | K11: =vals_co2_incLUC!$AD11 -> 37.756724 | L11: =vals_co2_incLUC!$AJ11 -> 40.148578 | M11: =vals_co2_incLUC!$S11 -> 51.14048 | N11: =vals_co2_incLUC!$Y11 -> 53.559775 | O11: =vals_co2_incLUC!$AE11 -> 51.149241 | P11: =vals_co2_incLUC!$AK11 -> 51.945237 | Q11: =IFERROR(MAX(0,$E11-MAX($C11,$D11)),"") -> 2.419295 | R11: 39.099 | S11: 52.278
A12: =vals_co2_incLUC!$A12 -> 1859 | B12: =IFERROR(_xlfn.AGGREGATE(5,6,I12:L12),"") -> 37.750437 | C12: =IFERROR(_xlfn.AGGREGATE(4,6,I12:L12),"") -> 42.198371 | D12: =IFERROR(_xlfn.AGGREGATE(5,6,M12:P12),"") -> 51.129769 | E12: =IFERROR(_xlfn.AGGREGATE(4,6,M12:P12),"") -> 53.539182 | F12: =IFERROR(MIN(C12,D12)-B12,"") -> 4.4479342 | G12: =IFERROR(MAX(0,C12-D12),"") -> 0 | H12: =IFERROR(MAX(0,D12-C12),"") -> 8.9313984 | I12: =vals_co2_incLUC!$R12 -> 37.750437 | J12: =vals_co2_incLUC!$X12 -> 42.198371 | K12: =vals_co2_incLUC!$AD12 -> 37.756913 | L12: =vals_co2_incLUC!$AJ12 -> 40.140763 | M12: =vals_co2_incLUC!$S12 -> 51.129769 | N12: =vals_co2_incLUC!$Y12 -> 53.539182 | O12: =vals_co2_incLUC!$AE12 -> 51.138541 | P12: =vals_co2_incLUC!$AK12 -> 51.935439 | Q12: =IFERROR(MAX(0,$E12-MAX($C12,$D12)),"") -> 2.4094126 | R12: 39.096 | S12: 52.268
A13: =vals_co2_incLUC!$A13 -> 1860 | B13: =IFERROR(_xlfn.AGGREGATE(5,6,I13:L13),"") -> 37.749864 | C13: =IFERROR(_xlfn.AGGREGATE(4,6,I13:L13),"") -> 42.179685 | D13: =IFERROR(_xlfn.AGGREGATE(5,6,M13:P13),"") -> 51.118367 | E13: =IFERROR(_xlfn.AGGREGATE(4,6,M13:P13),"") -> 53.517603 | F13: =IFERROR(MIN(C13,D13)-B13,"") -> 4.4298209 | G13: =IFERROR(MAX(0,C13-D13),"") -> 0 | H13: =IFERROR(MAX(0,D13-C13),"") -> 8.9386827 | I13: =vals_co2_incLUC!$R13 -> 37.749864 | J13: =vals_co2_incLUC!$X13 -> 42.179685 | K13: =vals_co2_incLUC!$AD13 -> 37.75635 | L13: =vals_co2_incLUC!$AJ13 -> 40.132079 | M13: =vals_co2_incLUC!$S13 -> 51.118367 | N13: =vals_co2_incLUC!$Y13 -> 53.517603 | O13: =vals_co2_incLUC!$AE13 -> 51.127151 | P13: =vals_co2_incLUC!$AK13 -> 51.924871 | Q13: =IFERROR(MAX(0,$E13-MAX($C13,$D13)),"") -> 2.3992356 | R13: 39.092 | S13: 52.257
A14: =vals_co2_incLUC!$A14 -> 1861 | B14: =IFERROR(_xlfn.AGGREGATE(5,6,I14:L14),"") -> 37.746177 | C14: =IFERROR(_xlfn.AGGREGATE(4,6,I14:L14),"") -> 42.159585 | D14: =IFERROR(_xlfn.AGGREGATE(5,6,M14:P14),"") -> 51.103523 | E14: =IFERROR(_xlfn.AGGREGATE(4,6,M14:P14),"") -> 53.494754 | F14: =IFERROR(MIN(C14,D14)-B14,"") -> 4.4134076 | G14: =IFERROR(MAX(0,C14-D14),"") -> 0 | H14: =IFERROR(MAX(0,D14-C14),"") -> 8.9439386 | I14: =vals_co2_incLUC!$R14 -> 37.746177 | J14: =vals_co2_incLUC!$X14 -> 42.159585 | K14: =vals_co2_incLUC!$AD14 -> 37.752672 | L14: =vals_co2_incLUC!$AJ14 -> 40.121753 | M14: =vals_co2_incLUC!$S14 -> 51.103523 | N14: =vals_co2_incLUC!$Y14 -> 53.494754 | O14: =vals_co2_incLUC!$AE14 -> 51.112316 | P14: =vals_co2_incLUC!$AK14 -> 51.91346 | Q14: =IFERROR(MAX(0,$E14-MAX($C14,$D14)),"") -> 2.3912303 | R14: 39.086 | S14: 52.244
... A177: =vals_co2_incLUC!$A177 -> 2024 | B177: =IFERROR(_xlfn.AGGREGATE(5,6,I177:L177),"") -> 21.805426 | C177: =IFERROR(_xlfn.AGGREGATE(4,6,I177:L177),"") -> 24.32497 | D177: =IFERROR(_xlfn.AGGREGATE(5,6,M177:P177),"") -> 29.466406 | E177: =IFERROR(_xlfn.AGGREGATE(4,6,M177:P177),"") -> 32.229403 | F177: =IFERROR(MIN(C177,D177)-B177,"") -> 2.5195441 | G177: =IFERROR(MAX(0,C177-D177),"") -> 0 | H177: =IFERROR(MAX(0,D177-C177),"") -> 5.1414363 | I177: =vals_co2_incLUC!$R177 -> 21.925256 | J177: =vals_co2_incLUC!$X177 -> 24.32497 | K177: =vals_co2_incLUC!$AD177 -> 21.925256 | L177: =vals_co2_incLUC!$AJ177 -> 21.805426 | M177: =vals_co2_incLUC!$S177 -> 29.876932 | N177: =vals_co2_incLUC!$Y177 -> 32.229403 | O177: =vals_co2_incLUC!$AE177 -> 29.876932 | P177: =vals_co2_incLUC!$AK177 -> 29.466406 | Q177: =IFERROR(MAX(0,$E177-MAX($C177,$D177)),"") -> 2.7629964 | R177: 22.144 | S177: 30.328

Sheet data_co2_excLUC
A1: Cumulative CO2 emissions excluding LULUCF to 2024, different start points
A2: Year | B2: AII_Min | C2: AII_Max | D2: AI_Min | E2: AI_Max | F2: Pure_AII | G2: Overlap | H2: AI_Gap | I2: pct_annex2_OWID | J2: pct_annex2_PRIMAP | K2: pct_annex2_GCP_fossil | M2: pct_annex1_OWID | N2: pct_annex1_PRIMAP | O2: pct_annex1_GCP_fossil | Q2: Pure_AI | R2: Annex II GMST | S2: Annex I GMST
A3: =vals_co2_excLUC!$A3 -> 1850 | B3: =IFERROR(_xlfn.AGGREGATE(5,6,I3:L3),"") -> 48.501612 | C3: =IFERROR(_xlfn.AGGREGATE(4,6,I3:L3),"") -> 48.63453 | D3: =IFERROR(_xlfn.AGGREGATE(5,6,M3:P3),"") -> 62.091743 | E3: =IFERROR(_xlfn.AGGREGATE(4,6,M3:P3),"") -> 62.17253 | F3: =IFERROR(MIN(C3,D3)-B3,"") -> 0.13291764 | G3: =IFERROR(MAX(0,C3-D3),"") -> 0 | H3: =IFERROR(MAX(0,D3-C3),"") -> 13.457213 | I3: =vals_co2_excLUC!$R3 -> 48.621447 | J3: =vals_co2_excLUC!$X3 -> 48.501612 | K3: =vals_co2_excLUC!$AD3 -> 48.63453 | M3: =vals_co2_excLUC!$S3 -> 62.091743 | N3: =vals_co2_excLUC!$Y3 -> 62.17253 | O3: =vals_co2_excLUC!$AE3 -> 62.10845 | Q3: =IFERROR(MAX(0,$E3-MAX($C3,$D3)),"") -> 0.08078634 | R3: 48.619 | S3: 62.092
A4: =vals_co2_excLUC!$A4 -> 1851 | B4: =IFERROR(_xlfn.AGGREGATE(5,6,I4:L4),"") -> 48.496163 | C4: =IFERROR(_xlfn.AGGREGATE(4,6,I4:L4),"") -> 48.629096 | D4: =IFERROR(_xlfn.AGGREGATE(5,6,M4:P4),"") -> 62.0876 | E4: =IFERROR(_xlfn.AGGREGATE(4,6,M4:P4),"") -> 62.168394 | F4: =IFERROR(MIN(C4,D4)-B4,"") -> 0.13293297 | G4: =IFERROR(MAX(0,C4-D4),"") -> 0 | H4: =IFERROR(MAX(0,D4-C4),"") -> 13.458504 | I4: =vals_co2_excLUC!$R4 -> 48.616014 | J4: =vals_co2_excLUC!$X4 -> 48.496163 | K4: =vals_co2_excLUC!$AD4 -> 48.629096 | M4: =vals_co2_excLUC!$S4 -> 62.0876 | N4: =vals_co2_excLUC!$Y4 -> 62.168394 | O4: =vals_co2_excLUC!$AE4 -> 62.104308 | Q4: =IFERROR(MAX(0,$E4-MAX($C4,$D4)),"") -> 0.08079385 | R4: 48.619 | S4: 62.092
A5: =vals_co2_excLUC!$A5 -> 1852 | B5: =IFERROR(_xlfn.AGGREGATE(5,6,I5:L5),"") -> 48.490662 | C5: =IFERROR(_xlfn.AGGREGATE(4,6,I5:L5),"") -> 48.62363 | D5: =IFERROR(_xlfn.AGGREGATE(5,6,M5:P5),"") -> 62.083416 | E5: =IFERROR(_xlfn.AGGREGATE(4,6,M5:P5),"") -> 62.1642 | F5: =IFERROR(MIN(C5,D5)-B5,"") -> 0.13296805 | G5: =IFERROR(MAX(0,C5-D5),"") -> 0 | H5: =IFERROR(MAX(0,D5-C5),"") -> 13.459786 | I5: =vals_co2_excLUC!$R5 -> 48.610547 | J5: =vals_co2_excLUC!$X5 -> 48.490662 | K5: =vals_co2_excLUC!$AD5 -> 48.62363 | M5: =vals_co2_excLUC!$S5 -> 62.083416 | N5: =vals_co2_excLUC!$Y5 -> 62.1642 | O5: =vals_co2_excLUC!$AE5 -> 62.100124 | Q5: =IFERROR(MAX(0,$E5-MAX($C5,$D5)),"") -> 0.080784165 | R5: 48.614 | S5: 62.088
A6: =vals_co2_excLUC!$A6 -> 1853 | B6: =IFERROR(_xlfn.AGGREGATE(5,6,I6:L6),"") -> 48.484939 | C6: =IFERROR(_xlfn.AGGREGATE(4,6,I6:L6),"") -> 48.617955 | D6: =IFERROR(_xlfn.AGGREGATE(5,6,M6:P6),"") -> 62.079048 | E6: =IFERROR(_xlfn.AGGREGATE(4,6,M6:P6),"") -> 62.159812 | F6: =IFERROR(MIN(C6,D6)-B6,"") -> 0.13301616 | G6: =IFERROR(MAX(0,C6-D6),"") -> 0 | H6: =IFERROR(MAX(0,D6-C6),"") -> 13.461093 | I6: =vals_co2_excLUC!$R6 -> 48.604873 | J6: =vals_co2_excLUC!$X6 -> 48.484939 | K6: =vals_co2_excLUC!$AD6 -> 48.617955 | M6: =vals_co2_excLUC!$S6 -> 62.079048 | N6: =vals_co2_excLUC!$Y6 -> 62.159812 | O6: =vals_co2_excLUC!$AE6 -> 62.095757 | Q6: =IFERROR(MAX(0,$E6-MAX($C6,$D6)),"") -> 0.080764042 | R6: 48.608 | S6: 62.083
A7: =vals_co2_excLUC!$A7 -> 1854 | B7: =IFERROR(_xlfn.AGGREGATE(5,6,I7:L7),"") -> 48.47894 | C7: =IFERROR(_xlfn.AGGREGATE(4,6,I7:L7),"") -> 48.612011 | D7: =IFERROR(_xlfn.AGGREGATE(5,6,M7:P7),"") -> 62.074472 | E7: =IFERROR(_xlfn.AGGREGATE(4,6,M7:P7),"") -> 62.155211 | F7: =IFERROR(MIN(C7,D7)-B7,"") -> 0.13307135 | G7: =IFERROR(MAX(0,C7-D7),"") -> 0 | H7: =IFERROR(MAX(0,D7-C7),"") -> 13.462461 | I7: =vals_co2_excLUC!$R7 -> 48.598929 | J7: =vals_co2_excLUC!$X7 -> 48.47894 | K7: =vals_co2_excLUC!$AD7 -> 48.612011 | M7: =vals_co2_excLUC!$S7 -> 62.074472 | N7: =vals_co2_excLUC!$Y7 -> 62.155211 | O7: =vals_co2_excLUC!$AE7 -> 62.091182 | Q7: =IFERROR(MAX(0,$E7-MAX($C7,$D7)),"") -> 0.080738906 | R7: 48.602 | S7: 62.079
A8: =vals_co2_excLUC!$A8 -> 1855 | B8: =IFERROR(_xlfn.AGGREGATE(5,6,I8:L8),"") -> 48.471878 | C8: =IFERROR(_xlfn.AGGREGATE(4,6,I8:L8),"") -> 48.605009 | D8: =IFERROR(_xlfn.AGGREGATE(5,6,M8:P8),"") -> 62.069092 | E8: =IFERROR(_xlfn.AGGREGATE(4,6,M8:P8),"") -> 62.149807 | F8: =IFERROR(MIN(C8,D8)-B8,"") -> 0.13313042 | G8: =IFERROR(MAX(0,C8-D8),"") -> 0 | H8: =IFERROR(MAX(0,D8-C8),"") -> 13.464083 | I8: =vals_co2_excLUC!$R8 -> 48.591926 | J8: =vals_co2_excLUC!$X8 -> 48.471878 | K8: =vals_co2_excLUC!$AD8 -> 48.605009 | M8: =vals_co2_excLUC!$S8 -> 62.069092 | N8: =vals_co2_excLUC!$Y8 -> 62.149807 | O8: =vals_co2_excLUC!$AE8 -> 62.085803 | Q8: =IFERROR(MAX(0,$E8-MAX($C8,$D8)),"") -> 0.080715076 | R8: 48.595 | S8: 62.073
A9: =vals_co2_excLUC!$A9 -> 1856 | B9: =IFERROR(_xlfn.AGGREGATE(5,6,I9:L9),"") -> 48.464714 | C9: =IFERROR(_xlfn.AGGREGATE(4,6,I9:L9),"") -> 48.59793 | D9: =IFERROR(_xlfn.AGGREGATE(5,6,M9:P9),"") -> 62.06361 | E9: =IFERROR(_xlfn.AGGREGATE(4,6,M9:P9),"") -> 62.14429 | F9: =IFERROR(MIN(C9,D9)-B9,"") -> 0.13321563 | G9: =IFERROR(MAX(0,C9-D9),"") -> 0 | H9: =IFERROR(MAX(0,D9-C9),"") -> 13.46568 | I9: =vals_co2_excLUC!$R9 -> 48.584848 | J9: =vals_co2_excLUC!$X9 -> 48.464714 | K9: =vals_co2_excLUC!$AD9 -> 48.59793 | M9: =vals_co2_excLUC!$S9 -> 62.06361 | N9: =vals_co2_excLUC!$Y9 -> 62.14429 | O9: =vals_co2_excLUC!$AE9 -> 62.080322 | Q9: =IFERROR(MAX(0,$E9-MAX($C9,$D9)),"") -> 0.080679598 | R9: 48.588 | S9: 62.068
A10: =vals_co2_excLUC!$A10 -> 1857 | B10: =IFERROR(_xlfn.AGGREGATE(5,6,I10:L10),"") -> 48.457079 | C10: =IFERROR(_xlfn.AGGREGATE(4,6,I10:L10),"") -> 48.5904 | D10: =IFERROR(_xlfn.AGGREGATE(5,6,M10:P10),"") -> 62.057789 | E10: =IFERROR(_xlfn.AGGREGATE(4,6,M10:P10),"") -> 62.138397 | F10: =IFERROR(MIN(C10,D10)-B10,"") -> 0.13332107 | G10: =IFERROR(MAX(0,C10-D10),"") -> 0 | H10: =IFERROR(MAX(0,D10-C10),"") -> 13.467389 | I10: =vals_co2_excLUC!$R10 -> 48.577318 | J10: =vals_co2_excLUC!$X10 -> 48.457079 | K10: =vals_co2_excLUC!$AD10 -> 48.5904 | M10: =vals_co2_excLUC!$S10 -> 62.057789 | N10: =vals_co2_excLUC!$Y10 -> 62.138397 | O10: =vals_co2_excLUC!$AE10 -> 62.074502 | Q10: =IFERROR(MAX(0,$E10-MAX($C10,$D10)),"") -> 0.080607791 | R10: 48.581 | S10: 62.062
A11: =vals_co2_excLUC!$A11 -> 1858 | B11: =IFERROR(_xlfn.AGGREGATE(5,6,I11:L11),"") -> 48.449382 | C11: =IFERROR(_xlfn.AGGREGATE(4,6,I11:L11),"") -> 48.582827 | D11: =IFERROR(_xlfn.AGGREGATE(5,6,M11:P11),"") -> 62.051921 | E11: =IFERROR(_xlfn.AGGREGATE(4,6,M11:P11),"") -> 62.132439 | F11: =IFERROR(MIN(C11,D11)-B11,"") -> 0.13344508 | G11: =IFERROR(MAX(0,C11-D11),"") -> 0 | H11: =IFERROR(MAX(0,D11-C11),"") -> 13.469095 | I11: =vals_co2_excLUC!$R11 -> 48.569744 | J11: =vals_co2_excLUC!$X11 -> 48.449382 | K11: =vals_co2_excLUC!$AD11 -> 48.582827 | M11: =vals_co2_excLUC!$S11 -> 62.051921 | N11: =vals_co2_excLUC!$Y11 -> 62.132439 | O11: =vals_co2_excLUC!$AE11 -> 62.068635 | Q11: =IFERROR(MAX(0,$E11-MAX($C11,$D11)),"") -> 0.080517213 | R11: 48.573 | S11: 62.056
A12: =vals_co2_excLUC!$A12 -> 1859 | B12: =IFERROR(_xlfn.AGGREGATE(5,6,I12:L12),"") -> 48.441629 | C12: =IFERROR(_xlfn.AGGREGATE(4,6,I12:L12),"") -> 48.575224 | D12: =IFERROR(_xlfn.AGGREGATE(5,6,M12:P12),"") -> 62.045989 | E12: =IFERROR(_xlfn.AGGREGATE(4,6,M12:P12),"") -> 62.126409 | F12: =IFERROR(MIN(C12,D12)-B12,"") -> 0.13359523 | G12: =IFERROR(MAX(0,C12-D12),"") -> 0 | H12: =IFERROR(MAX(0,D12-C12),"") -> 13.470764 | I12: =vals_co2_excLUC!$R12 -> 48.562142 | J12: =vals_co2_excLUC!$X12 -> 48.441629 | K12: =vals_co2_excLUC!$AD12 -> 48.575224 | M12: =vals_co2_excLUC!$S12 -> 62.045989 | N12: =vals_co2_excLUC!$Y12 -> 62.126409 | O12: =vals_co2_excLUC!$AE12 -> 62.062704 | Q12: =IFERROR(MAX(0,$E12-MAX($C12,$D12)),"") -> 0.080420039 | R12: 48.565 | S12: 62.05
A13: =vals_co2_excLUC!$A13 -> 1860 | B13: =IFERROR(_xlfn.AGGREGATE(5,6,I13:L13),"") -> 48.433393 | C13: =IFERROR(_xlfn.AGGREGATE(4,6,I13:L13),"") -> 48.567123 | D13: =IFERROR(_xlfn.AGGREGATE(5,6,M13:P13),"") -> 62.039695 | E13: =IFERROR(_xlfn.AGGREGATE(4,6,M13:P13),"") -> 62.120036 | F13: =IFERROR(MIN(C13,D13)-B13,"") -> 0.13373006 | G13: =IFERROR(MAX(0,C13-D13),"") -> 0 | H13: =IFERROR(MAX(0,D13-C13),"") -> 13.472572 | I13: =vals_co2_excLUC!$R13 -> 48.554041 | J13: =vals_co2_excLUC!$X13 -> 48.433393 | K13: =vals_co2_excLUC!$AD13 -> 48.567123 | M13: =vals_co2_excLUC!$S13 -> 62.039695 | N13: =vals_co2_excLUC!$Y13 -> 62.120036 | O13: =vals_co2_excLUC!$AE13 -> 62.056411 | Q13: =IFERROR(MAX(0,$E13-MAX($C13,$D13)),"") -> 0.080340869 | R13: 48.557 | S13: 62.044
A14: =vals_co2_excLUC!$A14 -> 1861 | B14: =IFERROR(_xlfn.AGGREGATE(5,6,I14:L14),"") -> 48.424365 | C14: =IFERROR(_xlfn.AGGREGATE(4,6,I14:L14),"") -> 48.558234 | D14: =IFERROR(_xlfn.AGGREGATE(5,6,M14:P14),"") -> 62.032786 | E14: =IFERROR(_xlfn.AGGREGATE(4,6,M14:P14),"") -> 62.113044 | F14: =IFERROR(MIN(C14,D14)-B14,"") -> 0.13386886 | G14: =IFERROR(MAX(0,C14-D14),"") -> 0 | H14: =IFERROR(MAX(0,D14-C14),"") -> 13.474552 | I14: =vals_co2_excLUC!$R14 -> 48.545152 | J14: =vals_co2_excLUC!$X14 -> 48.424365 | K14: =vals_co2_excLUC!$AD14 -> 48.558234 | M14: =vals_co2_excLUC!$S14 -> 62.032786 | N14: =vals_co2_excLUC!$Y14 -> 62.113044 | O14: =vals_co2_excLUC!$AE14 -> 62.049504 | Q14: =IFERROR(MAX(0,$E14-MAX($C14,$D14)),"") -> 0.080257995 | R14: 48.548 | S14: 62.037
... A177: =vals_co2_excLUC!$A177 -> 2024 | B177: =IFERROR(_xlfn.AGGREGATE(5,6,I177:L177),"") -> 24.181467 | C177: =IFERROR(_xlfn.AGGREGATE(4,6,I177:L177),"") -> 24.32497 | D177: =IFERROR(_xlfn.AGGREGATE(5,6,M177:P177),"") -> 32.229403 | E177: =IFERROR(_xlfn.AGGREGATE(4,6,M177:P177),"") -> 32.408272 | F177: =IFERROR(MIN(C177,D177)-B177,"") -> 0.14350325 | G177: =IFERROR(MAX(0,C177-D177),"") -> 0 | H177: =IFERROR(MAX(0,D177-C177),"") -> 7.9044327 | I177: =vals_co2_excLUC!$R177 -> 24.181467 | J177: =vals_co2_excLUC!$X177 -> 24.32497 | K177: =vals_co2_excLUC!$AD177 -> 24.181467 | M177: =vals_co2_excLUC!$S177 -> 32.408272 | N177: =vals_co2_excLUC!$Y177 -> 32.229403 | O177: =vals_co2_excLUC!$AE177 -> 32.408272 | Q177: =IFERROR(MAX(0,$E177-MAX($C177,$D177)),"") -> 0.17886888 | R177: 24.185 | S177: 32.413

Sheet vals_co2_excLUC
A2: Year | B2: annex2_OWID | C2: annex1_OWID | D2: non_annex1_OWID | E2: annex2_PRIMAP | F2: annex1_PRIMAP | G2: non_annex1_PRIMAP | H2: annex2_GCP_fossil | I2: annex1_GCP_fossil | J2: non_annex1_GCP_fossil | N2: cum_annex2_OWID | O2: cum_annex1_OWID | P2: cum_non_ann1_OWID | Q2: cum_world_OWID | R2: pct_annex2_OWID | S2: pct_annex1_OWID | T2: cum_annex2_PRIMAP | U2: cum_annex1_PRIMAP | V2: cum_non_ann1_PRIMAP | W2: cum_world_PRIMAP | X2: pct_annex2_PRIMAP | Y2: pct_annex1_PRIMAP | Z2: cum_annex2_GCP_fossil | AA2: cum_annex1_GCP_fossil | AB2: cum_non_ann1_GCP_fossil | AC2: cum_world_GCP_fossil | AD2: pct_annex2_GCP_fossil | AE2: pct_annex1_GCP_fossil
A3: 1850 | B3: 193.438 | C3: 196.738 | D3: 0.11 | E3: 200.258 | F3: 203.641 | G3: 0.043 | H3: 193.438 | I3: 196.738 | J3: 0.11 | N3: =IF(ISBLANK($B3),NA(),IFERROR(SUM($B3:$B$177),NA())) -> 874540.63 | O3: =IF(ISBLANK($C3),NA(),IFERROR(SUM($C3:$C$177),NA())) -> 1116827.1 | P3: =IF(ISBLANK($D3),NA(),IFERROR(SUM($D3:$D$177),NA())) -> 681845.41 | Q3: =IFERROR(O3+P3,"") -> 1798672.6 | R3: =IFERROR(N3/Q3*100,NA()) -> 48.621447 | S3: =IFERROR(O3/Q3*100,NA()) -> 62.091743 | T3: =IF(ISBLANK($E3),NA(),IFERROR(SUM($E3:$E$177),NA())) -> 903220.52 | U3: =IF(ISBLANK($F3),NA(),IFERROR(SUM($F3:$F$177),NA())) -> 1157807 | V3: =IF(ISBLANK($G3),NA(),IFERROR(SUM($G3:$G$177),NA())) -> 704441.48 | W3: =IFERROR(U3+V3,"") -> 1862248.4 | X3: =IFERROR(T3/W3*100,NA()) -> 48.501612 | Y3: =IFERROR(U3/W3*100,NA()) -> 62.17253 | Z3: =IF(ISBLANK($H3),NA(),IFERROR(SUM($H3:$H$177),NA())) -> 874540.63 | AA3: =IF(ISBLANK($I3),NA(),IFERROR(SUM($I3:$I$177),NA())) -> 1116827.1 | AB3: =IF(ISBLANK($J3),NA(),IFERROR(SUM($J3:$J$177),NA())) -> 681361.58 | AC3: =IFERROR(AA3+AB3,"") -> 1798188.7 | AD3: =IFERROR(Z3/AC3*100,NA()) -> 48.63453 | AE3: =IFERROR(AA3/AC3*100,NA()) -> 62.10845
A4: 1851 | B4: 194.934 | C4: 198.668 | D4: 0.11 | E4: 202.587 | F4: 206.493 | G4: 0.045 | H4: 194.934 | I4: 198.668 | J4: 0.11 | N4: =IF(ISBLANK($B4),NA(),IFERROR(SUM($B4:$B$177),NA())) -> 874347.19 | O4: =IF(ISBLANK($C4),NA(),IFERROR(SUM($C4:$C$177),NA())) -> 1116630.4 | P4: =IF(ISBLANK($D4),NA(),IFERROR(SUM($D4:$D$177),NA())) -> 681845.3 | Q4: =IFERROR(O4+P4,"") -> 1798475.7 | R4: =IFERROR(N4/Q4*100,NA()) -> 48.616014 | S4: =IFERROR(O4/Q4*100,NA()) -> 62.0876 | T4: =IF(ISBLANK($E4),NA(),IFERROR(SUM($E4:$E$177),NA())) -> 903020.26 | U4: =IF(ISBLANK($F4),NA(),IFERROR(SUM($F4:$F$177),NA())) -> 1157603.3 | V4: =IF(ISBLANK($G4),NA(),IFERROR(SUM($G4:$G$177),NA())) -> 704441.43 | W4: =IFERROR(U4+V4,"") -> 1862044.8 | X4: =IFERROR(T4/W4*100,NA()) -> 48.496163 | Y4: =IFERROR(U4/W4*100,NA()) -> 62.168394 | Z4: =IF(ISBLANK($H4),NA(),IFERROR(SUM($H4:$H$177),NA())) -> 874347.19 | AA4: =IF(ISBLANK($I4),NA(),IFERROR(SUM($I4:$I$177),NA())) -> 1116630.4 | AB4: =IF(ISBLANK($J4),NA(),IFERROR(SUM($J4:$J$177),NA())) -> 681361.47 | AC4: =IFERROR(AA4+AB4,"") -> 1797991.9 | AD4: =IFERROR(Z4/AC4*100,NA()) -> 48.629096 | AE4: =IFERROR(AA4/AC4*100,NA()) -> 62.104308
A5: 1852 | B5: 202.94 | C5: 207.414 | D5: 0.181 | E5: 211.279 | F5: 215.97 | G5: 0.051 | H5: 202.94 | I5: 207.414 | J5: 0.181 | N5: =IF(ISBLANK($B5),NA(),IFERROR(SUM($B5:$B$177),NA())) -> 874152.26 | O5: =IF(ISBLANK($C5),NA(),IFERROR(SUM($C5:$C$177),NA())) -> 1116431.7 | P5: =IF(ISBLANK($D5),NA(),IFERROR(SUM($D5:$D$177),NA())) -> 681845.19 | Q5: =IFERROR(O5+P5,"") -> 1798276.9 | R5: =IFERROR(N5/Q5*100,NA()) -> 48.610547 | S5: =IFERROR(O5/Q5*100,NA()) -> 62.083416 | T5: =IF(ISBLANK($E5),NA(),IFERROR(SUM($E5:$E$177),NA())) -> 902817.67 | U5: =IF(ISBLANK($F5),NA(),IFERROR(SUM($F5:$F$177),NA())) -> 1157396.8 | V5: =IF(ISBLANK($G5),NA(),IFERROR(SUM($G5:$G$177),NA())) -> 704441.39 | W5: =IFERROR(U5+V5,"") -> 1861838.2 | X5: =IFERROR(T5/W5*100,NA()) -> 48.490662 | Y5: =IFERROR(U5/W5*100,NA()) -> 62.1642 | Z5: =IF(ISBLANK($H5),NA(),IFERROR(SUM($H5:$H$177),NA())) -> 874152.26 | AA5: =IF(ISBLANK($I5),NA(),IFERROR(SUM($I5:$I$177),NA())) -> 1116431.7 | AB5: =IF(ISBLANK($J5),NA(),IFERROR(SUM($J5:$J$177),NA())) -> 681361.36 | AC5: =IFERROR(AA5+AB5,"") -> 1797793.1 | AD5: =IFERROR(Z5/AC5*100,NA()) -> 48.62363 | AE5: =IFERROR(AA5/AC5*100,NA()) -> 62.100124
A6: 1853 | B6: 212.46 | C6: 217.12 | D6: 0.117 | E6: 221.481 | F6: 226.41 | G6: 0.06 | H6: 212.46 | I6: 217.12 | J6: 0.117 | N6: =IF(ISBLANK($B6),NA(),IFERROR(SUM($B6:$B$177),NA())) -> 873949.32 | O6: =IF(ISBLANK($C6),NA(),IFERROR(SUM($C6:$C$177),NA())) -> 1116224.3 | P6: =IF(ISBLANK($D6),NA(),IFERROR(SUM($D6:$D$177),NA())) -> 681845.01 | Q6: =IFERROR(O6+P6,"") -> 1798069.3 | R6: =IFERROR(N6/Q6*100,NA()) -> 48.604873 | S6: =IFERROR(O6/Q6*100,NA()) -> 62.079048 | T6: =IF(ISBLANK($E6),NA(),IFERROR(SUM($E6:$E$177),NA())) -> 902606.39 | U6: =IF(ISBLANK($F6),NA(),IFERROR(SUM($F6:$F$177),NA())) -> 1157180.9 | V6: =IF(ISBLANK($G6),NA(),IFERROR(SUM($G6:$G$177),NA())) -> 704441.34 | W6: =IFERROR(U6+V6,"") -> 1861622.2 | X6: =IFERROR(T6/W6*100,NA()) -> 48.484939 | Y6: =IFERROR(U6/W6*100,NA()) -> 62.159812 | Z6: =IF(ISBLANK($H6),NA(),IFERROR(SUM($H6:$H$177),NA())) -> 873949.32 | AA6: =IF(ISBLANK($I6),NA(),IFERROR(SUM($I6:$I$177),NA())) -> 1116224.3 | AB6: =IF(ISBLANK($J6),NA(),IFERROR(SUM($J6:$J$177),NA())) -> 681361.18 | AC6: =IFERROR(AA6+AB6,"") -> 1797585.5 | AD6: =IFERROR(Z6/AC6*100,NA()) -> 48.617955 | AE6: =IFERROR(AA6/AC6*100,NA()) -> 62.095757
A7: 1854 | B7: 249.819 | C7: 255.033 | D7: 0.005 | E7: 260.357 | F7: 265.89 | G7: 0.071 | H7: 249.819 | I7: 255.033 | J7: 0.005 | N7: =IF(ISBLANK($B7),NA(),IFERROR(SUM($B7:$B$177),NA())) -> 873736.86 | O7: =IF(ISBLANK($C7),NA(),IFERROR(SUM($C7:$C$177),NA())) -> 1116007.2 | P7: =IF(ISBLANK($D7),NA(),IFERROR(SUM($D7:$D$177),NA())) -> 681844.89 | Q7: =IFERROR(O7+P7,"") -> 1797852.1 | R7: =IFERROR(N7/Q7*100,NA()) -> 48.598929 | S7: =IFERROR(O7/Q7*100,NA()) -> 62.074472 | T7: =IF(ISBLANK($E7),NA(),IFERROR(SUM($E7:$E$177),NA())) -> 902384.91 | U7: =IF(ISBLANK($F7),NA(),IFERROR(SUM($F7:$F$177),NA())) -> 1156954.4 | V7: =IF(ISBLANK($G7),NA(),IFERROR(SUM($G7:$G$177),NA())) -> 704441.28 | W7: =IFERROR(U7+V7,"") -> 1861395.7 | X7: =IFERROR(T7/W7*100,NA()) -> 48.47894 | Y7: =IFERROR(U7/W7*100,NA()) -> 62.155211 | Z7: =IF(ISBLANK($H7),NA(),IFERROR(SUM($H7:$H$177),NA())) -> 873736.86 | AA7: =IF(ISBLANK($I7),NA(),IFERROR(SUM($I7:$I$177),NA())) -> 1116007.2 | AB7: =IF(ISBLANK($J7),NA(),IFERROR(SUM($J7:$J$177),NA())) -> 681361.06 | AC7: =IFERROR(AA7+AB7,"") -> 1797368.3 | AD7: =IFERROR(Z7/AC7*100,NA()) -> 48.612011 | AE7: =IFERROR(AA7/AC7*100,NA()) -> 62.091182
A8: 1855 | B8: 253.69 | C8: 260.061 | D8: 0.199 | E8: 264.881 | F8: 271.364 | G8: 0.08 | H8: 253.69 | I8: 260.061 | J8: 0.199 | N8: =IF(ISBLANK($B8),NA(),IFERROR(SUM($B8:$B$177),NA())) -> 873487.04 | O8: =IF(ISBLANK($C8),NA(),IFERROR(SUM($C8:$C$177),NA())) -> 1115752.2 | P8: =IF(ISBLANK($D8),NA(),IFERROR(SUM($D8:$D$177),NA())) -> 681844.89 | Q8: =IFERROR(O8+P8,"") -> 1797597.1 | R8: =IFERROR(N8/Q8*100,NA()) -> 48.591926 | S8: =IFERROR(O8/Q8*100,NA()) -> 62.069092 | T8: =IF(ISBLANK($E8),NA(),IFERROR(SUM($E8:$E$177),NA())) -> 902124.55 | U8: =IF(ISBLANK($F8),NA(),IFERROR(SUM($F8:$F$177),NA())) -> 1156688.6 | V8: =IF(ISBLANK($G8),NA(),IFERROR(SUM($G8:$G$177),NA())) -> 704441.21 | W8: =IFERROR(U8+V8,"") -> 1861129.8 | X8: =IFERROR(T8/W8*100,NA()) -> 48.471878 | Y8: =IFERROR(U8/W8*100,NA()) -> 62.149807 | Z8: =IF(ISBLANK($H8),NA(),IFERROR(SUM($H8:$H$177),NA())) -> 873487.04 | AA8: =IF(ISBLANK($I8),NA(),IFERROR(SUM($I8:$I$177),NA())) -> 1115752.2 | AB8: =IF(ISBLANK($J8),NA(),IFERROR(SUM($J8:$J$177),NA())) -> 681361.05 | AC8: =IFERROR(AA8+AB8,"") -> 1797113.2 | AD8: =IFERROR(Z8/AC8*100,NA()) -> 48.605009 | AE8: =IFERROR(AA8/AC8*100,NA()) -> 62.085803
A9: 1856 | B9: 270.503 | C9: 277.296 | D9: 0.949 | E9: 282.54 | F9: 289.769 | G9: 0.087 | H9: 270.503 | I9: 277.296 | J9: 0.949 | N9: =IF(ISBLANK($B9),NA(),IFERROR(SUM($B9:$B$177),NA())) -> 873233.35 | O9: =IF(ISBLANK($C9),NA(),IFERROR(SUM($C9:$C$177),NA())) -> 1115492.1 | P9: =IF(ISBLANK($D9),NA(),IFERROR(SUM($D9:$D$177),NA())) -> 681844.69 | Q9: =IFERROR(O9+P9,"") -> 1797336.8 | R9: =IFERROR(N9/Q9*100,NA()) -> 48.584848 | S9: =IFERROR(O9/Q9*100,NA()) -> 62.06361 | T9: =IF(ISBLANK($E9),NA(),IFERROR(SUM($E9:$E$177),NA())) -> 901859.67 | U9: =IF(ISBLANK($F9),NA(),IFERROR(SUM($F9:$F$177),NA())) -> 1156417.2 | V9: =IF(ISBLANK($G9),NA(),IFERROR(SUM($G9:$G$177),NA())) -> 704441.13 | W9: =IFERROR(U9+V9,"") -> 1860858.3 | X9: =IFERROR(T9/W9*100,NA()) -> 48.464714 | Y9: =IFERROR(U9/W9*100,NA()) -> 62.14429 | Z9: =IF(ISBLANK($H9),NA(),IFERROR(SUM($H9:$H$177),NA())) -> 873233.35 | AA9: =IF(ISBLANK($I9),NA(),IFERROR(SUM($I9:$I$177),NA())) -> 1115492.1 | AB9: =IF(ISBLANK($J9),NA(),IFERROR(SUM($J9:$J$177),NA())) -> 681360.85 | AC9: =IFERROR(AA9+AB9,"") -> 1796853 | AD9: =IFERROR(Z9/AC9*100,NA()) -> 48.59793 | AE9: =IFERROR(AA9/AC9*100,NA()) -> 62.080322
A10: 1857 | B10: 272.67 | C10: 279.932 | D10: 1.249 | E10: 285.185 | F10: 292.927 | G10: 0.094 | H10: 272.67 | I10: 279.932 | J10: 1.249 | N10: =IF(ISBLANK($B10),NA(),IFERROR(SUM($B10:$B$177),NA())) -> 872962.85 | O10: =IF(ISBLANK($C10),NA(),IFERROR(SUM($C10:$C$177),NA())) -> 1115214.8 | P10: =IF(ISBLANK($D10),NA(),IFERROR(SUM($D10:$D$177),NA())) -> 681843.74 | Q10: =IFERROR(O10+P10,"") -> 1797058.6 | R10: =IFERROR(N10/Q10*100,NA()) -> 48.577318 | S10: =IFERROR(O10/Q10*100,NA()) -> 62.057789 | T10: =IF(ISBLANK($E10),NA(),IFERROR(SUM($E10:$E$177),NA())) -> 901577.13 | U10: =IF(ISBLANK($F10),NA(),IFERROR(SUM($F10:$F$177),NA())) -> 1156127.4 | V10: =IF(ISBLANK($G10),NA(),IFERROR(SUM($G10:$G$177),NA())) -> 704441.04 | W10: =IFERROR(U10+V10,"") -> 1860568.5 | X10: =IFERROR(T10/W10*100,NA()) -> 48.457079 | Y10: =IFERROR(U10/W10*100,NA()) -> 62.138397 | Z10: =IF(ISBLANK($H10),NA(),IFERROR(SUM($H10:$H$177),NA())) -> 872962.85 | AA10: =IF(ISBLANK($I10),NA(),IFERROR(SUM($I10:$I$177),NA())) -> 1115214.8 | AB10: =IF(ISBLANK($J10),NA(),IFERROR(SUM($J10:$J$177),NA())) -> 681359.91 | AC10: =IFERROR(AA10+AB10,"") -> 1796574.7 | AD10: =IFERROR(Z10/AC10*100,NA()) -> 48.5904 | AE10: =IFERROR(AA10/AC10*100,NA()) -> 62.074502
A11: 1858 | B11: 275.263 | C11: 283.77 | D11: 1.779 | E11: 288.359 | F11: 297.039 | G11: 0.525 | H11: 275.263 | I11: 283.77 | J11: 1.779 | N11: =IF(ISBLANK($B11),NA(),IFERROR(SUM($B11:$B$177),NA())) -> 872690.18 | O11: =IF(ISBLANK($C11),NA(),IFERROR(SUM($C11:$C$177),NA())) -> 1114934.9 | P11: =IF(ISBLANK($D11),NA(),IFERROR(SUM($D11:$D$177),NA())) -> 681842.49 | Q11: =IFERROR(O11+P11,"") -> 1796777.4 | R11: =IFERROR(N11/Q11*100,NA()) -> 48.569744 | S11: =IFERROR(O11/Q11*100,NA()) -> 62.051921 | T11: =IF(ISBLANK($E11),NA(),IFERROR(SUM($E11:$E$177),NA())) -> 901291.95 | U11: =IF(ISBLANK($F11),NA(),IFERROR(SUM($F11:$F$177),NA())) -> 1155834.5 | V11: =IF(ISBLANK($G11),NA(),IFERROR(SUM($G11:$G$177),NA())) -> 704440.95 | W11: =IFERROR(U11+V11,"") -> 1860275.4 | X11: =IFERROR(T11/W11*100,NA()) -> 48.449382 | Y11: =IFERROR(U11/W11*100,NA()) -> 62.132439 | Z11: =IF(ISBLANK($H11),NA(),IFERROR(SUM($H11:$H$177),NA())) -> 872690.18 | AA11: =IF(ISBLANK($I11),NA(),IFERROR(SUM($I11:$I$177),NA())) -> 1114934.9 | AB11: =IF(ISBLANK($J11),NA(),IFERROR(SUM($J11:$J$177),NA())) -> 681358.66 | AC11: =IFERROR(AA11+AB11,"") -> 1796293.5 | AD11: =IFERROR(Z11/AC11*100,NA()) -> 48.582827 | AE11: =IFERROR(AA11/AC11*100,NA()) -> 62.068635
A12: 1859 | B12: 292.454 | C12: 300.78 | D12: 1.792 | E12: 305.761 | F12: 314.214 | G12: 0.79 | H12: 292.454 | I12: 300.78 | J12: 1.792 | N12: =IF(ISBLANK($B12),NA(),IFERROR(SUM($B12:$B$177),NA())) -> 872414.91 | O12: =IF(ISBLANK($C12),NA(),IFERROR(SUM($C12:$C$177),NA())) -> 1114651.1 | P12: =IF(ISBLANK($D12),NA(),IFERROR(SUM($D12:$D$177),NA())) -> 681840.71 | Q12: =IFERROR(O12+P12,"") -> 1796491.8 | R12: =IFERROR(N12/Q12*100,NA()) -> 48.562142 | S12: =IFERROR(O12/Q12*100,NA()) -> 62.045989 | T12: =IF(ISBLANK($E12),NA(),IFERROR(SUM($E12:$E$177),NA())) -> 901003.59 | U12: =IF(ISBLANK($F12),NA(),IFERROR(SUM($F12:$F$177),NA())) -> 1155537.5 | V12: =IF(ISBLANK($G12),NA(),IFERROR(SUM($G12:$G$177),NA())) -> 704440.42 | W12: =IFERROR(U12+V12,"") -> 1859977.9 | X12: =IFERROR(T12/W12*100,NA()) -> 48.441629 | Y12: =IFERROR(U12/W12*100,NA()) -> 62.126409 | Z12: =IF(ISBLANK($H12),NA(),IFERROR(SUM($H12:$H$177),NA())) -> 872414.91 | AA12: =IF(ISBLANK($I12),NA(),IFERROR(SUM($I12:$I$177),NA())) -> 1114651.1 | AB12: =IF(ISBLANK($J12),NA(),IFERROR(SUM($J12:$J$177),NA())) -> 681356.88 | AC12: =IFERROR(AA12+AB12,"") -> 1796008 | AD12: =IFERROR(Z12/AC12*100,NA()) -> 48.575224 | AE12: =IFERROR(AA12/AC12*100,NA()) -> 62.062704
A13: 1860 | B13: 320.98 | C13: 330.225 | D13: 2.073 | E13: 335.122 | F13: 344.525 | G13: 0.825 | H13: 320.98 | I13: 330.225 | J13: 2.073 | N13: =IF(ISBLANK($B13),NA(),IFERROR(SUM($B13:$B$177),NA())) -> 872122.46 | O13: =IF(ISBLANK($C13),NA(),IFERROR(SUM($C13:$C$177),NA())) -> 1114350.3 | P13: =IF(ISBLANK($D13),NA(),IFERROR(SUM($D13:$D$177),NA())) -> 681838.92 | Q13: =IFERROR(O13+P13,"") -> 1796189.3 | R13: =IFERROR(N13/Q13*100,NA()) -> 48.554041 | S13: =IFERROR(O13/Q13*100,NA()) -> 62.039695 | T13: =IF(ISBLANK($E13),NA(),IFERROR(SUM($E13:$E$177),NA())) -> 900697.83 | U13: =IF(ISBLANK($F13),NA(),IFERROR(SUM($F13:$F$177),NA())) -> 1155223.2 | V13: =IF(ISBLANK($G13),NA(),IFERROR(SUM($G13:$G$177),NA())) -> 704439.63 | W13: =IFERROR(U13+V13,"") -> 1859662.9 | X13: =IFERROR(T13/W13*100,NA()) -> 48.433393 | Y13: =IFERROR(U13/W13*100,NA()) -> 62.120036 | Z13: =IF(ISBLANK($H13),NA(),IFERROR(SUM($H13:$H$177),NA())) -> 872122.46 | AA13: =IF(ISBLANK($I13),NA(),IFERROR(SUM($I13:$I$177),NA())) -> 1114350.3 | AB13: =IF(ISBLANK($J13),NA(),IFERROR(SUM($J13:$J$177),NA())) -> 681355.09 | AC13: =IFERROR(AA13+AB13,"") -> 1795705.4 | AD13: =IFERROR(Z13/AC13*100,NA()) -> 48.567123 | AE13: =IFERROR(AA13/AC13*100,NA()) -> 62.056411
A14: 1861 | B14: 336.912 | C14: 347.169 | D14: 2.022 | E14: 352.731 | F14: 363.216 | G14: 0.699 | H14: 336.912 | I14: 347.169 | J14: 2.022 | N14: =IF(ISBLANK($B14),NA(),IFERROR(SUM($B14:$B$177),NA())) -> 871801.48 | O14: =IF(ISBLANK($C14),NA(),IFERROR(SUM($C14:$C$177),NA())) -> 1114020.1 | P14: =IF(ISBLANK($D14),NA(),IFERROR(SUM($D14:$D$177),NA())) -> 681836.85 | Q14: =IFERROR(O14+P14,"") -> 1795857 | R14: =IFERROR(N14/Q14*100,NA()) -> 48.545152 | S14: =IFERROR(O14/Q14*100,NA()) -> 62.032786 | T14: =IF(ISBLANK($E14),NA(),IFERROR(SUM($E14:$E$177),NA())) -> 900362.71 | U14: =IF(ISBLANK($F14),NA(),IFERROR(SUM($F14:$F$177),NA())) -> 1154878.7 | V14: =IF(ISBLANK($G14),NA(),IFERROR(SUM($G14:$G$177),NA())) -> 704438.81 | W14: =IFERROR(U14+V14,"") -> 1859317.5 | X14: =IFERROR(T14/W14*100,NA()) -> 48.424365 | Y14: =IFERROR(U14/W14*100,NA()) -> 62.113044 | Z14: =IF(ISBLANK($H14),NA(),IFERROR(SUM($H14:$H$177),NA())) -> 871801.48 | AA14: =IF(ISBLANK($I14),NA(),IFERROR(SUM($I14:$I$177),NA())) -> 1114020.1 | AB14: =IF(ISBLANK($J14),NA(),IFERROR(SUM($J14:$J$177),NA())) -> 681353.01 | AC14: =IFERROR(AA14+AB14,"") -> 1795373.1 | AD14: =IFERROR(Z14/AC14*100,NA()) -> 48.558234 | AE14: =IFERROR(AA14/AC14*100,NA()) -> 62.049504
... A177: 2024 | B177: 9045.347 | C177: 12122.675 | D177: 25283.439 | E177: 8641.151 | F177: 11449.105 | G177: 24074.684 | H177: 9045.347 | I177: 12122.675 | J177: 25283.439 | N177: =IF(ISBLANK($B177),NA(),IFERROR(SUM($B177:$B$177),NA())) -> 9045.347 | O177: =IF(ISBLANK($C177),NA(),IFERROR(SUM($C177:$C$177),NA())) -> 12122.675 | P177: =IF(ISBLANK($D177),NA(),IFERROR(SUM($D177:$D$177),NA())) -> 25283.439 | Q177: =IFERROR(O177+P177,"") -> 37406.114 | R177: =IFERROR(N177/Q177*100,NA()) -> 24.181467 | S177: =IFERROR(O177/Q177*100,NA()) -> 32.408272 | T177: =IF(ISBLANK($E177),NA(),IFERROR(SUM($E177:$E$177),NA())) -> 8641.151 | U177: =IF(ISBLANK($F177),NA(),IFERROR(SUM($F177:$F$177),NA())) -> 11449.105 | V177: =IF(ISBLANK($G177),NA(),IFERROR(SUM($G177:$G$177),NA())) -> 24074.684 | W177: =IFERROR(U177+V177,"") -> 35523.789 | X177: =IFERROR(T177/W177*100,NA()) -> 24.32497 | Y177: =IFERROR(U177/W177*100,NA()) -> 32.229403 | Z177: =IF(ISBLANK($H177),NA(),IFERROR(SUM($H177:$H$177),NA())) -> 9045.347 | AA177: =IF(ISBLANK($I177),NA(),IFERROR(SUM($I177:$I$177),NA())) -> 12122.675 | AB177: =IF(ISBLANK($J177),NA(),IFERROR(SUM($J177:$J$177),NA())) -> 25283.439 | AC177: =IFERROR(AA177+AB177,"") -> 37406.114 | AD177: =IFERROR(Z177/AC177*100,NA()) -> 24.181467 | AE177: =IFERROR(AA177/AC177*100,NA()) -> 32.408272

Sheet CO2 excl LULUCF

Sheet All measures
